Split,Feature_Set,Strategy,N_Features,Best_Var_Smoothing,CV_Macro_F1_Mean,CV_Macro_F1_Std,CV_F1_No_Attrition_Mean,CV_F1_No_Attrition_Std,CV_F1_Attrition_Mean,CV_F1_Attrition_Std
80:20,Top 22 Most Important features,Baseline,22,0.01,0.692823151619897,0.009111576383453222,0.8878398867708114,0.0042468105183617365,0.4978064164689827,0.014138326445345056
80:20,Top 20 Most Important features,Baseline,20,0.01,0.6913196390562902,0.008750761137228487,0.8871379390688912,0.0038900185829029493,0.49550133904368926,0.0137383281889491
70:30,Top 22 Most Important features,Baseline,22,0.1,0.691170705680763,0.0058210160429786025,0.8916960971090561,0.0024315363294764693,0.49064531425247015,0.010591765477143376
70:30,Top 20 Most Important features,Baseline,20,1e-12,0.6908343160463324,0.0066548203142265455,0.8867548715615413,0.0030481315564085585,0.49491376053112335,0.011612684623013595
80:20,All features,Baseline,37,0.01,0.6906070663487565,0.006600416056777215,0.8864851895185171,0.0034179688071325287,0.49472894317899596,0.010004674397853382
70:30,All features,Baseline,37,0.1,0.6885730356560318,0.007375968286313971,0.8906500637453757,0.0030251510619043248,0.4864960075666877,0.012890049257317841
80:20,Top 10 Most Important features,Baseline,10,0.01,0.6792115545669368,0.009583918261061829,0.8817843785469084,0.00496136612375913,0.47663873058696515,0.014381628667611036
70:30,Top 10 Most Important features,Baseline,10,0.01,0.6779601574711458,0.004882711455772397,0.8816227354703658,0.0027965443484257667,0.4742975794719257,0.009618283069969707
70:30,All features,SMOTE,37,0.0001,0.6612154975196882,0.007760897344965081,0.8290403205822618,0.00741638284834029,0.49339067445711454,0.00911514331663585
70:30,Top 22 Most Important features,SMOTE,22,1e-05,0.6611110494899756,0.004421975312192939,0.824123986147927,0.00580748851815058,0.49809811283202415,0.004191831472329991
80:20,Top 22 Most Important features,SMOTE,22,1e-12,0.6609661003598756,0.004723737241858233,0.8240032172435722,0.003243267867511874,0.4979289834761788,0.006635349651286247
80:20,All features,SMOTE,37,1e-05,0.6607823705892387,0.009469197883142882,0.8284999581179185,0.006773503440166023,0.4930647830605587,0.012314442120510043
70:30,Top 20 Most Important features,SMOTE,20,1e-12,0.6604999664288183,0.003207889466659255,0.8229583305048458,0.005283383305197682,0.49804160235279077,0.0029448359790687894
80:20,Top 20 Most Important features,SMOTE,20,1e-12,0.6600045167169543,0.006536530945117159,0.8225334201223312,0.004562027014447591,0.4974756133115772,0.008759424304138284
70:30,Top 22 Most Important features,Random Undersampling,22,1e-12,0.6498733842603907,0.006944436567286617,0.8076393846913985,0.008007670243339355,0.4921073838293827,0.0065215006568322305
70:30,Top 20 Most Important features,Random Undersampling,20,0.01,0.6498079119534557,0.007417961521391522,0.8073338465251215,0.008232786163487162,0.49228197738179,0.007178974233746144
70:30,Top 20 Most Important features,Balanced Prior,20,1e-12,0.6489394982740302,0.008088122657235537,0.8067800302599615,0.008946704723007601,0.49109896628809907,0.007456478828137533
70:30,Top 22 Most Important features,Balanced Prior,22,1e-12,0.6488404957571929,0.007866108361253104,0.8069270516161,0.008681126968458765,0.4907539398982858,0.007250316321500534
70:30,Top 20 Most Important features,Random Oversampling,20,1e-12,0.6486297717389277,0.007774387505193698,0.8070296459880509,0.008784111700685097,0.4902298974898042,0.007021061088892166
70:30,Top 22 Most Important features,Random Oversampling,22,0.0001,0.6485667377181111,0.007912652363320815,0.8068279334269641,0.008978288939190143,0.49030554200925813,0.007097430756590294
80:20,Top 20 Most Important features,Random Oversampling,20,1e-12,0.6481873258746184,0.005385349161708258,0.8061769289235455,0.004132831834274289,0.49019772282569135,0.007114285935676952
80:20,Top 22 Most Important features,Balanced Prior,22,0.001,0.6481588790480124,0.0055018271436744984,0.8061573590395182,0.0037441204093814906,0.49016039905650644,0.007673875894032536
80:20,Top 20 Most Important features,Balanced Prior,20,1e-12,0.6479160158053793,0.005845917105838339,0.8059208609501836,0.003895060246769718,0.4899111706605751,0.008066483743229495
80:20,Top 22 Most Important features,Random Oversampling,22,0.1,0.6476192518213988,0.005434424100585649,0.8044713237082564,0.004365865596530698,0.49076717993454133,0.006951163715977026
80:20,Top 22 Most Important features,Random Undersampling,22,0.0001,0.6475919044253018,0.006533226954674067,0.8060884830954448,0.005181433888701089,0.48909532575515896,0.00810623659266096
80:20,Top 20 Most Important features,Random Undersampling,20,1e-12,0.6475795386341315,0.006820481389158808,0.8059356911076143,0.0049555103891114165,0.4892233861606486,0.008901444937486219
70:30,All features,Balanced Prior,37,1e-12,0.6473251473902986,0.008329356753677504,0.8055415612266359,0.008606632354899066,0.48910873355396134,0.008408033101392948
70:30,All features,Random Oversampling,37,1e-12,0.6472461473639348,0.0071761086409160854,0.8057872608334893,0.008038151957560496,0.4887050338943803,0.006658473354544934
70:30,All features,Random Undersampling,37,1e-12,0.6463264798298582,0.009138776245329968,0.8049102991591832,0.009384536322093653,0.48774266050053317,0.009713934171698038
80:20,All features,Balanced Prior,37,1e-12,0.6454957920207546,0.004737697577514332,0.8037494808337587,0.004284755626062018,0.48724210320775024,0.0055612979008138564
80:20,All features,Random Undersampling,37,1e-12,0.6445143795826886,0.004545850472984795,0.802857602191024,0.004356744830038741,0.4861711569743531,0.005270541519774304
80:20,All features,Random Oversampling,37,0.01,0.6444522974143033,0.005227687520026072,0.802651777774351,0.004539303098420582,0.48625281705425544,0.006668815223516343
80:20,Top 10 Most Important features,SMOTE,10,0.001,0.6392477268156378,0.006232974117011904,0.8011627996708143,0.004053345242235846,0.4773326539604616,0.008548924027248874
70:30,Top 10 Most Important features,SMOTE,10,1e-12,0.6387608174996826,0.008823553549666387,0.8010603175469088,0.00937891811474151,0.47646131745245635,0.00892795073227404
70:30,Top 10 Most Important features,Random Undersampling,10,1e-12,0.6362393398364719,0.008054578415081537,0.7983253837996984,0.008726332144410414,0.47415329587324545,0.008191904520460447
80:20,Top 10 Most Important features,Random Undersampling,10,0.1,0.6349565035390988,0.0074850408164523815,0.795951115718392,0.005607899525631274,0.4739618913598056,0.009369022893012016
70:30,Top 10 Most Important features,Random Oversampling,10,0.1,0.6349080008030199,0.007284912240867359,0.7961293495899338,0.00821681349012323,0.47368665201610627,0.006803733975094014
70:30,Top 10 Most Important features,Balanced Prior,10,0.1,0.634672201579355,0.007901571180742441,0.7960214908970269,0.008778544536429626,0.4733229122616831,0.007372607759239803
80:20,Top 10 Most Important features,Balanced Prior,10,1.0,0.6346608714449569,0.005697254608819257,0.7911326544974236,0.003604475182591608,0.4781890883924901,0.007872013409101557
80:20,Top 10 Most Important features,Random Oversampling,10,1.0,0.6341062442251387,0.00553603310784427,0.7903021982294037,0.003371590206546178,0.4779102902208739,0.007790138443935494
70:30,Direct Variation features,Baseline,12,1e-12,0.6321481762938338,0.006626433582083586,0.87899450227169,0.0024277850578614786,0.3853018503159774,0.012290658660801791
80:20,Direct Variation features,Baseline,12,0.001,0.6296936335324776,0.005733006178975839,0.8782211282271272,0.002421041974462598,0.38116613883782813,0.009531548998355984
80:20,Direct Variation features,Random Undersampling,12,100.0,0.6166071999211147,0.006353424533500962,0.7917996485942586,0.006534390804403722,0.44141475124797075,0.007562751541641928
70:30,Direct Variation features,Balanced Prior,12,100.0,0.615841776758115,0.004887129268761088,0.7903894759232297,0.005083826096341896,0.4412940775930004,0.005221440689945343
80:20,Direct Variation features,Balanced Prior,12,100.0,0.6153989526026542,0.005956571682163947,0.7893325936449587,0.00538073597712116,0.4414653115603495,0.007558088311788128
70:30,Direct Variation features,Random Oversampling,12,100.0,0.6151717051265979,0.004906887479441785,0.7895605372733493,0.004824122906944253,0.4407828729798465,0.00571364864975145
70:30,Direct Variation features,Random Undersampling,12,100.0,0.6142095035662908,0.005734068899794285,0.7890277639422815,0.0076399275334508845,0.43939124319030015,0.005722723282093325
80:20,Direct Variation features,Random Oversampling,12,100.0,0.614078943011098,0.006526474342861233,0.7880138378248428,0.006037290626099488,0.4401440481973532,0.008115252719440755
80:20,Direct Variation features,SMOTE,12,0.01,0.5968858423067136,0.004394657872604959,0.7601665061378543,0.004146361948533094,0.43360517847557284,0.005119281019828666
70:30,Direct Variation features,SMOTE,12,1e-12,0.5965666356222602,0.00557045036141726,0.7605773506463095,0.0060528427558030826,0.4325559205982109,0.005913638185880324
