Feature,Mean_No_Attrition,Mean_Attrition,Mean_Difference
days_in_office_required,-0.12286013361484178,0.5500338779295906,0.6728940115444324
manager_relationship_score,0.1109576343674634,-0.49674744867490067,-0.607705083042364
work_arrangement_onsite,-0.10897387629518127,0.4878663404319265,0.5968402167271077
engagement_score,0.09470478273418782,-0.42398487917215,-0.5186896619063378
rto_mandate,-0.09187291640534545,0.41130686578596193,0.5031797821913073
burnout_score,-0.061893535977425244,0.2770918491686053,0.33898538514603055
work_arrangement_remote,0.05262767958323368,-0.23560943518386684,-0.2882371147671005
work_arrangement_hybrid,0.049905866863009844,-0.22342412200316256,-0.2733299888661724
salary_vs_market_pct,0.04295102890399301,-0.1922879317646694,-0.2352389606686624
career_growth_score,0.03360555180392841,-0.15044906296963934,-0.18405461477356774
tenure_years,0.03178505971877821,-0.1422988820128655,-0.1740839417316437
ai_tools_adoption,0.02908037025833719,-0.13019022814156636,-0.15927059839990354
prefers_remote,-0.027693794227028605,0.12398265071915854,0.15167644494618715
manager_1on1_per_month,0.026045103840348874,-0.11660161066806314,-0.14264671450841201
promotions_last_2y,0.02460665527925569,-0.11016180454884714,-0.13476845982810282
recent_layoff_round,-0.024563905043365995,0.10997041554949748,0.13453432059286347
commute_minutes,-0.024005198631021744,0.10746913669231939,0.13147433532334113
after_hours_work,-0.014323450071632304,0.06412481051771894,0.07844826058935124
age,0.013610258867494783,-0.06093191700394813,-0.0745421758714429
job_level,-0.01223721519402881,0.054784922742570984,0.0670221379365998
salary_usd,-0.011554961163654794,0.051730532200911956,0.06328549336456675
weekly_hours,-0.011478094775045482,0.051386408223789176,0.06286450299883466
