Split,Feature_Set,Strategy,Var_Smoothing,CV_Macro_F1,CV_F1_No_Attrition,CV_F1_Attrition
80:20,All features,Baseline,1e-12,0.6904504435664462,0.8858198946813918,0.4950809924515009
80:20,All features,Baseline,1e-11,0.6904504435664462,0.8858198946813918,0.4950809924515009
80:20,All features,Baseline,1e-10,0.6904504435664462,0.8858198946813918,0.4950809924515009
80:20,All features,Baseline,1e-09,0.6904504435664462,0.8858198946813918,0.4950809924515009
80:20,All features,Baseline,1e-08,0.6904504435664462,0.8858198946813918,0.4950809924515009
80:20,All features,Baseline,1e-07,0.6904504435664462,0.8858198946813918,0.4950809924515009
80:20,All features,Baseline,1e-06,0.6904504435664462,0.8858198946813918,0.4950809924515009
80:20,All features,Baseline,1e-05,0.6904504435664462,0.8858198946813918,0.4950809924515009
80:20,All features,Baseline,0.0001,0.6904504435664462,0.8858198946813918,0.4950809924515009
80:20,All features,Baseline,0.001,0.6905286310575268,0.8859027489497582,0.49515451316529546
80:20,All features,Baseline,0.01,0.6906070663487565,0.8864851895185171,0.49472894317899596
80:20,All features,Baseline,0.1,0.6899802169740618,0.8905065747179343,0.48945385923018936
80:20,All features,Baseline,1.0,0.6139466163824701,0.908193091727935,0.319700141037005
80:20,All features,Baseline,10.0,0.4497680381790712,0.8995360763581424,0.0
80:20,All features,Baseline,100.0,0.4497680381790712,0.8995360763581424,0.0
80:20,All features,Balanced Prior,1e-12,0.6454957920207546,0.8037494808337587,0.48724210320775024
80:20,All features,Balanced Prior,1e-11,0.6454957920207546,0.8037494808337587,0.48724210320775024
80:20,All features,Balanced Prior,1e-10,0.6454957920207546,0.8037494808337587,0.48724210320775024
80:20,All features,Balanced Prior,1e-09,0.6454957920207546,0.8037494808337587,0.48724210320775024
80:20,All features,Balanced Prior,1e-08,0.6454957920207546,0.8037494808337587,0.48724210320775024
80:20,All features,Balanced Prior,1e-07,0.6454957920207546,0.8037494808337587,0.48724210320775024
80:20,All features,Balanced Prior,1e-06,0.6454957920207546,0.8037494808337587,0.48724210320775024
80:20,All features,Balanced Prior,1e-05,0.6454957920207546,0.8037494808337587,0.48724210320775024
80:20,All features,Balanced Prior,0.0001,0.6454711975183575,0.8037257533497295,0.48721664168698525
80:20,All features,Balanced Prior,0.001,0.6453974397375113,0.803654542616969,0.4871403368580536
80:20,All features,Balanced Prior,0.01,0.6453439966843618,0.8035111051840638,0.4871768881846597
80:20,All features,Balanced Prior,0.1,0.6449568026178303,0.8021244432513874,0.48778916198427325
80:20,All features,Balanced Prior,1.0,0.6424814195969327,0.7946116107922668,0.4903512284015986
80:20,All features,Balanced Prior,10.0,0.6412442543201953,0.7888825613324462,0.4936059473079445
80:20,All features,Balanced Prior,100.0,0.640923244120007,0.7877868641464861,0.4940596240935278
80:20,All features,Random Undersampling,1e-12,0.6445143795826886,0.802857602191024,0.4861711569743531
80:20,All features,Random Undersampling,1e-11,0.6445143795826886,0.802857602191024,0.4861711569743531
80:20,All features,Random Undersampling,1e-10,0.6445143795826886,0.802857602191024,0.4861711569743531
80:20,All features,Random Undersampling,1e-09,0.6445143795826886,0.802857602191024,0.4861711569743531
80:20,All features,Random Undersampling,1e-08,0.6445143795826886,0.802857602191024,0.4861711569743531
80:20,All features,Random Undersampling,1e-07,0.6445143795826886,0.802857602191024,0.4861711569743531
80:20,All features,Random Undersampling,1e-06,0.6445143795826886,0.802857602191024,0.4861711569743531
80:20,All features,Random Undersampling,1e-05,0.6445143795826886,0.802857602191024,0.4861711569743531
80:20,All features,Random Undersampling,0.0001,0.6445143795826886,0.802857602191024,0.4861711569743531
80:20,All features,Random Undersampling,0.001,0.6445134839795286,0.8028255839863625,0.48620138397269475
80:20,All features,Random Undersampling,0.01,0.6444524351064779,0.8025562038195913,0.4863486663933644
80:20,All features,Random Undersampling,0.1,0.644412905708343,0.8012402859448535,0.48758552547183254
80:20,All features,Random Undersampling,1.0,0.6424217871609879,0.7948756889630202,0.48996788535895563
80:20,All features,Random Undersampling,10.0,0.642639470445071,0.7911962157510064,0.49408272513913565
80:20,All features,Random Undersampling,100.0,0.6421164585301383,0.7902318331982382,0.49400108386203856
80:20,All features,Random Oversampling,1e-12,0.644278879162595,0.8028419014731079,0.48571585685208196
80:20,All features,Random Oversampling,1e-11,0.644278879162595,0.8028419014731079,0.48571585685208196
80:20,All features,Random Oversampling,1e-10,0.644278879162595,0.8028419014731079,0.48571585685208196
80:20,All features,Random Oversampling,1e-09,0.644278879162595,0.8028419014731079,0.48571585685208196
80:20,All features,Random Oversampling,1e-08,0.644278879162595,0.8028419014731079,0.48571585685208196
80:20,All features,Random Oversampling,1e-07,0.644278879162595,0.8028419014731079,0.48571585685208196
80:20,All features,Random Oversampling,1e-06,0.644278879162595,0.8028419014731079,0.48571585685208196
80:20,All features,Random Oversampling,1e-05,0.644278879162595,0.8028419014731079,0.48571585685208196
80:20,All features,Random Oversampling,0.0001,0.6443255375813556,0.8028579102722142,0.4857931648904971
80:20,All features,Random Oversampling,0.001,0.644396401883417,0.802897989345903,0.4858948144209309
80:20,All features,Random Oversampling,0.01,0.6444522974143033,0.802651777774351,0.48625281705425544
80:20,All features,Random Oversampling,0.1,0.6434966620408099,0.8004862499445959,0.4865070741370238
80:20,All features,Random Oversampling,1.0,0.640519154839383,0.7917758214252268,0.4892624882535392
80:20,All features,Random Oversampling,10.0,0.6379978733693044,0.7846143536518738,0.4913813930867349
80:20,All features,Random Oversampling,100.0,0.6375378754828382,0.783427139007998,0.49164861195767867
80:20,All features,SMOTE,1e-12,0.6607311075908987,0.8284840547236488,0.4929781604581486
80:20,All features,SMOTE,1e-11,0.6607311075908987,0.8284840547236488,0.4929781604581486
80:20,All features,SMOTE,1e-10,0.6607311075908987,0.8284840547236488,0.4929781604581486
80:20,All features,SMOTE,1e-09,0.6607311075908987,0.8284840547236488,0.4929781604581486
80:20,All features,SMOTE,1e-08,0.6607311075908987,0.8284840547236488,0.4929781604581486
80:20,All features,SMOTE,1e-07,0.6607311075908987,0.8284840547236488,0.4929781604581486
80:20,All features,SMOTE,1e-06,0.6607311075908987,0.8284840547236488,0.4929781604581486
80:20,All features,SMOTE,1e-05,0.6607823705892387,0.8284999581179185,0.4930647830605587
80:20,All features,SMOTE,0.0001,0.6607823705892387,0.8284999581179185,0.4930647830605587
80:20,All features,SMOTE,0.001,0.6605554682232996,0.8282674299469797,0.4928435064996196
80:20,All features,SMOTE,0.01,0.6589654785478303,0.8258752008886903,0.49205575620697023
80:20,All features,SMOTE,0.1,0.6458649901868336,0.8050969804384334,0.48663299993523407
80:20,All features,SMOTE,1.0,0.5502206923434942,0.6639690322543904,0.43647235243259785
80:20,All features,SMOTE,10.0,0.4221432281812271,0.46325991145914414,0.3810265449033101
80:20,All features,SMOTE,100.0,0.3949014488416636,0.41799789789259456,0.3718049997907327
80:20,Direct Variation features,Baseline,1e-12,0.6295627726479991,0.8781245423523452,0.38100100294365297
80:20,Direct Variation features,Baseline,1e-11,0.6295627726479991,0.8781245423523452,0.38100100294365297
80:20,Direct Variation features,Baseline,1e-10,0.6295627726479991,0.8781245423523452,0.38100100294365297
80:20,Direct Variation features,Baseline,1e-09,0.6295627726479991,0.8781245423523452,0.38100100294365297
80:20,Direct Variation features,Baseline,1e-08,0.6295627726479991,0.8781245423523452,0.38100100294365297
80:20,Direct Variation features,Baseline,1e-07,0.6295627726479991,0.8781245423523452,0.38100100294365297
80:20,Direct Variation features,Baseline,1e-06,0.6295627726479991,0.8781245423523452,0.38100100294365297
80:20,Direct Variation features,Baseline,1e-05,0.6295627726479991,0.8781245423523452,0.38100100294365297
80:20,Direct Variation features,Baseline,0.0001,0.6295887030656415,0.8781439785582366,0.3810334275730461
80:20,Direct Variation features,Baseline,0.001,0.6296936335324776,0.8782211282271272,0.38116613883782813
80:20,Direct Variation features,Baseline,0.01,0.6292015744091114,0.8787530755487563,0.3796500732694664
80:20,Direct Variation features,Baseline,0.1,0.6225192516425687,0.8841923260409985,0.3608461772441392
80:20,Direct Variation features,Baseline,1.0,0.46321988974972894,0.8999079971943275,0.026531782305130407
80:20,Direct Variation features,Baseline,10.0,0.4497680381790712,0.8995360763581424,0.0
80:20,Direct Variation features,Baseline,100.0,0.4497680381790712,0.8995360763581424,0.0
80:20,Direct Variation features,Balanced Prior,1e-12,0.597201036668692,0.7579045568560312,0.4364975164813528
80:20,Direct Variation features,Balanced Prior,1e-11,0.597201036668692,0.7579045568560312,0.4364975164813528
80:20,Direct Variation features,Balanced Prior,1e-10,0.597201036668692,0.7579045568560312,0.4364975164813528
80:20,Direct Variation features,Balanced Prior,1e-09,0.597201036668692,0.7579045568560312,0.4364975164813528
80:20,Direct Variation features,Balanced Prior,1e-08,0.597201036668692,0.7579045568560312,0.4364975164813528
80:20,Direct Variation features,Balanced Prior,1e-07,0.597201036668692,0.7579045568560312,0.4364975164813528
80:20,Direct Variation features,Balanced Prior,1e-06,0.597201036668692,0.7579045568560312,0.4364975164813528
80:20,Direct Variation features,Balanced Prior,1e-05,0.597201036668692,0.7579045568560312,0.4364975164813528
80:20,Direct Variation features,Balanced Prior,0.0001,0.5972241490505625,0.7579305082152837,0.43651778988584145
80:20,Direct Variation features,Balanced Prior,0.001,0.5972704397496563,0.7579812457175317,0.43655963378178086
80:20,Direct Variation features,Balanced Prior,0.01,0.5972954392253997,0.758077280207453,0.4365135982433464
80:20,Direct Variation features,Balanced Prior,0.1,0.5982028620854711,0.7597897223623029,0.43661600180863935
80:20,Direct Variation features,Balanced Prior,1.0,0.6037653569906315,0.7702768675445547,0.4372538464367082
80:20,Direct Variation features,Balanced Prior,10.0,0.6126686132547113,0.7853162796001733,0.4400209469092492
80:20,Direct Variation features,Balanced Prior,100.0,0.6153989526026542,0.7893325936449587,0.4414653115603495
80:20,Direct Variation features,Random Undersampling,1e-12,0.5971374745326257,0.7579971457633383,0.4362778033019131
80:20,Direct Variation features,Random Undersampling,1e-11,0.5971374745326257,0.7579971457633383,0.4362778033019131
80:20,Direct Variation features,Random Undersampling,1e-10,0.5971374745326257,0.7579971457633383,0.4362778033019131
80:20,Direct Variation features,Random Undersampling,1e-09,0.5971374745326257,0.7579971457633383,0.4362778033019131
80:20,Direct Variation features,Random Undersampling,1e-08,0.5971374745326257,0.7579971457633383,0.4362778033019131
80:20,Direct Variation features,Random Undersampling,1e-07,0.5971374745326257,0.7579971457633383,0.4362778033019131
80:20,Direct Variation features,Random Undersampling,1e-06,0.5971374745326257,0.7579971457633383,0.4362778033019131
80:20,Direct Variation features,Random Undersampling,1e-05,0.5971374745326257,0.7579971457633383,0.4362778033019131
80:20,Direct Variation features,Random Undersampling,0.0001,0.5971374745326257,0.7579971457633383,0.4362778033019131
80:20,Direct Variation features,Random Undersampling,0.001,0.5971607085026851,0.7580226971578394,0.43629871984753066
80:20,Direct Variation features,Random Undersampling,0.01,0.597510995126688,0.7584774527831523,0.4365445374702238
80:20,Direct Variation features,Random Undersampling,0.1,0.5987724935159318,0.7609553671631463,0.4365896198687171
80:20,Direct Variation features,Random Undersampling,1.0,0.6058335154996681,0.7734013919230471,0.43826563907628924
80:20,Direct Variation features,Random Undersampling,10.0,0.6146808031522298,0.788281832346284,0.4410797739581758
80:20,Direct Variation features,Random Undersampling,100.0,0.6166071999211147,0.7917996485942586,0.44141475124797075
80:20,Direct Variation features,Random Oversampling,1e-12,0.5963382824076734,0.7569175350130968,0.4357590298022502
80:20,Direct Variation features,Random Oversampling,1e-11,0.5963382824076734,0.7569175350130968,0.4357590298022502
80:20,Direct Variation features,Random Oversampling,1e-10,0.5963382824076734,0.7569175350130968,0.4357590298022502
80:20,Direct Variation features,Random Oversampling,1e-09,0.5963382824076734,0.7569175350130968,0.4357590298022502
80:20,Direct Variation features,Random Oversampling,1e-08,0.5963382824076734,0.7569175350130968,0.4357590298022502
80:20,Direct Variation features,Random Oversampling,1e-07,0.5963382824076734,0.7569175350130968,0.4357590298022502
80:20,Direct Variation features,Random Oversampling,1e-06,0.5963382824076734,0.7569175350130968,0.4357590298022502
80:20,Direct Variation features,Random Oversampling,1e-05,0.5963382824076734,0.7569175350130968,0.4357590298022502
80:20,Direct Variation features,Random Oversampling,0.0001,0.5963382824076734,0.7569175350130968,0.4357590298022502
80:20,Direct Variation features,Random Oversampling,0.001,0.5963846688824781,0.7569689238142919,0.43580041395066427
80:20,Direct Variation features,Random Oversampling,0.01,0.596552551950268,0.7572899340879675,0.4358151698125684
80:20,Direct Variation features,Random Oversampling,0.1,0.5979171417409953,0.7594481807188801,0.43638610276311046
80:20,Direct Variation features,Random Oversampling,1.0,0.6040220978353145,0.7709938186758193,0.43705037699480975
80:20,Direct Variation features,Random Oversampling,10.0,0.6121257955804247,0.7848868042388206,0.43936478692202885
80:20,Direct Variation features,Random Oversampling,100.0,0.614078943011098,0.7880138378248428,0.4401440481973532
80:20,Direct Variation features,SMOTE,1e-12,0.5967292494745763,0.7602352188426185,0.433223280106534
80:20,Direct Variation features,SMOTE,1e-11,0.5967292494745763,0.7602352188426185,0.433223280106534
80:20,Direct Variation features,SMOTE,1e-10,0.5967292494745763,0.7602352188426185,0.433223280106534
80:20,Direct Variation features,SMOTE,1e-09,0.5967292494745763,0.7602352188426185,0.433223280106534
80:20,Direct Variation features,SMOTE,1e-08,0.5967292494745763,0.7602352188426185,0.433223280106534
80:20,Direct Variation features,SMOTE,1e-07,0.5967292494745763,0.7602352188426185,0.433223280106534
80:20,Direct Variation features,SMOTE,1e-06,0.5967292494745763,0.7602352188426185,0.433223280106534
80:20,Direct Variation features,SMOTE,1e-05,0.5967292494745763,0.7602352188426185,0.433223280106534
80:20,Direct Variation features,SMOTE,0.0001,0.5967292494745763,0.7602352188426185,0.433223280106534
80:20,Direct Variation features,SMOTE,0.001,0.5967751123640543,0.7602507989102014,0.4332994258179072
80:20,Direct Variation features,SMOTE,0.01,0.5968858423067136,0.7601665061378543,0.43360517847557284
80:20,Direct Variation features,SMOTE,0.1,0.5957548107580918,0.7573024424730367,0.43420717904314676
80:20,Direct Variation features,SMOTE,1.0,0.5889798669937533,0.7454017005339862,0.4325580334535202
80:20,Direct Variation features,SMOTE,10.0,0.5859630488174876,0.7392087947845534,0.43271730285042187
80:20,Direct Variation features,SMOTE,100.0,0.584956406911381,0.7379171687223514,0.43199564510041066
80:20,Top 10 Most Important features,Baseline,1e-12,0.6790700078300087,0.8812523779500451,0.47688763770997217
80:20,Top 10 Most Important features,Baseline,1e-11,0.6790700078300087,0.8812523779500451,0.47688763770997217
80:20,Top 10 Most Important features,Baseline,1e-10,0.6790700078300087,0.8812523779500451,0.47688763770997217
80:20,Top 10 Most Important features,Baseline,1e-09,0.6790700078300087,0.8812523779500451,0.47688763770997217
80:20,Top 10 Most Important features,Baseline,1e-08,0.6790700078300087,0.8812523779500451,0.47688763770997217
80:20,Top 10 Most Important features,Baseline,1e-07,0.6790700078300087,0.8812523779500451,0.47688763770997217
80:20,Top 10 Most Important features,Baseline,1e-06,0.6790700078300087,0.8812523779500451,0.47688763770997217
80:20,Top 10 Most Important features,Baseline,1e-05,0.6790700078300087,0.8812523779500451,0.47688763770997217
80:20,Top 10 Most Important features,Baseline,0.0001,0.6790023684343668,0.8812368643871876,0.47676787248154573
80:20,Top 10 Most Important features,Baseline,0.001,0.678953128528681,0.8812651644624333,0.4766410925949283
80:20,Top 10 Most Important features,Baseline,0.01,0.6792115545669368,0.8817843785469084,0.47663873058696515
80:20,Top 10 Most Important features,Baseline,0.1,0.678009837947913,0.8862968213638593,0.4697228545319664
80:20,Top 10 Most Important features,Baseline,1.0,0.5970102954731099,0.9057777791169102,0.2882428118293098
80:20,Top 10 Most Important features,Baseline,10.0,0.4497680381790712,0.8995360763581424,0.0
80:20,Top 10 Most Important features,Baseline,100.0,0.4497680381790712,0.8995360763581424,0.0
80:20,Top 10 Most Important features,Balanced Prior,1e-12,0.6346141860080284,0.7968891142214007,0.47233925779465624
80:20,Top 10 Most Important features,Balanced Prior,1e-11,0.6346141860080284,0.7968891142214007,0.47233925779465624
80:20,Top 10 Most Important features,Balanced Prior,1e-10,0.6346141860080284,0.7968891142214007,0.47233925779465624
80:20,Top 10 Most Important features,Balanced Prior,1e-09,0.6346141860080284,0.7968891142214007,0.47233925779465624
80:20,Top 10 Most Important features,Balanced Prior,1e-08,0.6346141860080284,0.7968891142214007,0.47233925779465624
80:20,Top 10 Most Important features,Balanced Prior,1e-07,0.6346141860080284,0.7968891142214007,0.47233925779465624
80:20,Top 10 Most Important features,Balanced Prior,1e-06,0.6346141860080284,0.7968891142214007,0.47233925779465624
80:20,Top 10 Most Important features,Balanced Prior,1e-05,0.6346141860080284,0.7968891142214007,0.47233925779465624
80:20,Top 10 Most Important features,Balanced Prior,0.0001,0.6346141860080284,0.7968891142214007,0.47233925779465624
80:20,Top 10 Most Important features,Balanced Prior,0.001,0.6346141860080284,0.7968891142214007,0.47233925779465624
80:20,Top 10 Most Important features,Balanced Prior,0.01,0.6345630329083027,0.7967449111907124,0.47238115462589325
80:20,Top 10 Most Important features,Balanced Prior,0.1,0.6343127478837182,0.7955325109033458,0.47309298486409057
80:20,Top 10 Most Important features,Balanced Prior,1.0,0.6346608714449569,0.7911326544974236,0.4781890883924901
80:20,Top 10 Most Important features,Balanced Prior,10.0,0.6342588330194743,0.787552851308369,0.4809648147305796
80:20,Top 10 Most Important features,Balanced Prior,100.0,0.6341559284059025,0.7868722795350975,0.4814395772767077
80:20,Top 10 Most Important features,Random Undersampling,1e-12,0.6347397289930106,0.7972626627777112,0.47221679520831
80:20,Top 10 Most Important features,Random Undersampling,1e-11,0.6347397289930106,0.7972626627777112,0.47221679520831
80:20,Top 10 Most Important features,Random Undersampling,1e-10,0.6347397289930106,0.7972626627777112,0.47221679520831
80:20,Top 10 Most Important features,Random Undersampling,1e-09,0.6347397289930106,0.7972626627777112,0.47221679520831
80:20,Top 10 Most Important features,Random Undersampling,1e-08,0.6347397289930106,0.7972626627777112,0.47221679520831
80:20,Top 10 Most Important features,Random Undersampling,1e-07,0.6347397289930106,0.7972626627777112,0.47221679520831
80:20,Top 10 Most Important features,Random Undersampling,1e-06,0.6347397289930106,0.7972626627777112,0.47221679520831
80:20,Top 10 Most Important features,Random Undersampling,1e-05,0.6347397289930106,0.7972626627777112,0.47221679520831
80:20,Top 10 Most Important features,Random Undersampling,0.0001,0.6347397289930106,0.7972626627777112,0.47221679520831
80:20,Top 10 Most Important features,Random Undersampling,0.001,0.6346917147677876,0.7972144926557491,0.4721689368798262
80:20,Top 10 Most Important features,Random Undersampling,0.01,0.6346411590207545,0.797069956126409,0.47221236191509985
80:20,Top 10 Most Important features,Random Undersampling,0.1,0.6349565035390988,0.795951115718392,0.4739618913598056
80:20,Top 10 Most Important features,Random Undersampling,1.0,0.6344036468626255,0.7909848869733778,0.4778224067518731
80:20,Top 10 Most Important features,Random Undersampling,10.0,0.6342290460650102,0.7876888172187415,0.48076927491127863
80:20,Top 10 Most Important features,Random Undersampling,100.0,0.6342881997454499,0.7873185165395623,0.48125788295133753
80:20,Top 10 Most Important features,Random Oversampling,1e-12,0.633966396886849,0.7964654551292176,0.4714673386444801
80:20,Top 10 Most Important features,Random Oversampling,1e-11,0.633966396886849,0.7964654551292176,0.4714673386444801
80:20,Top 10 Most Important features,Random Oversampling,1e-10,0.633966396886849,0.7964654551292176,0.4714673386444801
80:20,Top 10 Most Important features,Random Oversampling,1e-09,0.633966396886849,0.7964654551292176,0.4714673386444801
80:20,Top 10 Most Important features,Random Oversampling,1e-08,0.633966396886849,0.7964654551292176,0.4714673386444801
80:20,Top 10 Most Important features,Random Oversampling,1e-07,0.633966396886849,0.7964654551292176,0.4714673386444801
80:20,Top 10 Most Important features,Random Oversampling,1e-06,0.633966396886849,0.7964654551292176,0.4714673386444801
80:20,Top 10 Most Important features,Random Oversampling,1e-05,0.633966396886849,0.7964654551292176,0.4714673386444801
80:20,Top 10 Most Important features,Random Oversampling,0.0001,0.633966396886849,0.7964654551292176,0.4714673386444801
80:20,Top 10 Most Important features,Random Oversampling,0.001,0.633966396886849,0.7964654551292176,0.4714673386444801
80:20,Top 10 Most Important features,Random Oversampling,0.01,0.6339857651846675,0.7963292623960457,0.4716422679732893
80:20,Top 10 Most Important features,Random Oversampling,0.1,0.6336316875867295,0.7947936665578799,0.472469708615579
80:20,Top 10 Most Important features,Random Oversampling,1.0,0.6341062442251387,0.7903021982294037,0.4779102902208739
80:20,Top 10 Most Important features,Random Oversampling,10.0,0.6338820183905356,0.7870180612721488,0.48074597550892245
80:20,Top 10 Most Important features,Random Oversampling,100.0,0.6337620661360164,0.7864118806967251,0.4811122515753075
80:20,Top 10 Most Important features,SMOTE,1e-12,0.6392000653697604,0.8011469856729612,0.4772531450665597
80:20,Top 10 Most Important features,SMOTE,1e-11,0.6392000653697604,0.8011469856729612,0.4772531450665597
80:20,Top 10 Most Important features,SMOTE,1e-10,0.6392000653697604,0.8011469856729612,0.4772531450665597
80:20,Top 10 Most Important features,SMOTE,1e-09,0.6392000653697604,0.8011469856729612,0.4772531450665597
80:20,Top 10 Most Important features,SMOTE,1e-08,0.6392000653697604,0.8011469856729612,0.4772531450665597
80:20,Top 10 Most Important features,SMOTE,1e-07,0.6392000653697604,0.8011469856729612,0.4772531450665597
80:20,Top 10 Most Important features,SMOTE,1e-06,0.6392000653697604,0.8011469856729612,0.4772531450665597
80:20,Top 10 Most Important features,SMOTE,1e-05,0.6392000653697604,0.8011469856729612,0.4772531450665597
80:20,Top 10 Most Important features,SMOTE,0.0001,0.6392000653697604,0.8011469856729612,0.4772531450665597
80:20,Top 10 Most Important features,SMOTE,0.001,0.6392477268156378,0.8011627996708143,0.4773326539604616
80:20,Top 10 Most Important features,SMOTE,0.01,0.6391405260644183,0.8007822753663693,0.4774987767624673
80:20,Top 10 Most Important features,SMOTE,0.1,0.6379223492973037,0.797841112240426,0.47800358635418166
80:20,Top 10 Most Important features,SMOTE,1.0,0.6291572099253063,0.7822772762800693,0.4760371435705433
80:20,Top 10 Most Important features,SMOTE,10.0,0.6228381752211888,0.7701199226948091,0.47555642774756846
80:20,Top 10 Most Important features,SMOTE,100.0,0.6216832546144623,0.7677856110443317,0.4755808981845929
80:20,Top 20 Most Important features,Baseline,1e-12,0.6911873885939157,0.8866978294434797,0.49567694774435134
80:20,Top 20 Most Important features,Baseline,1e-11,0.6911873885939157,0.8866978294434797,0.49567694774435134
80:20,Top 20 Most Important features,Baseline,1e-10,0.6911873885939157,0.8866978294434797,0.49567694774435134
80:20,Top 20 Most Important features,Baseline,1e-09,0.6911873885939157,0.8866978294434797,0.49567694774435134
80:20,Top 20 Most Important features,Baseline,1e-08,0.6911873885939157,0.8866978294434797,0.49567694774435134
80:20,Top 20 Most Important features,Baseline,1e-07,0.6911873885939157,0.8866978294434797,0.49567694774435134
80:20,Top 20 Most Important features,Baseline,1e-06,0.6911873885939157,0.8866978294434797,0.49567694774435134
80:20,Top 20 Most Important features,Baseline,1e-05,0.6911873885939157,0.8866978294434797,0.49567694774435134
80:20,Top 20 Most Important features,Baseline,0.0001,0.6911873885939157,0.8866978294434797,0.49567694774435134
80:20,Top 20 Most Important features,Baseline,0.001,0.6910725574541653,0.8867098700469785,0.495435244861352
80:20,Top 20 Most Important features,Baseline,0.01,0.6913196390562902,0.8871379390688912,0.49550133904368926
80:20,Top 20 Most Important features,Baseline,0.1,0.6910712937515726,0.8913355047083853,0.49080708279476015
80:20,Top 20 Most Important features,Baseline,1.0,0.6128895533047427,0.9082321981583046,0.3175469084511808
80:20,Top 20 Most Important features,Baseline,10.0,0.4497680381790712,0.8995360763581424,0.0
80:20,Top 20 Most Important features,Baseline,100.0,0.4497680381790712,0.8995360763581424,0.0
80:20,Top 20 Most Important features,Balanced Prior,1e-12,0.6479160158053793,0.8059208609501836,0.4899111706605751
80:20,Top 20 Most Important features,Balanced Prior,1e-11,0.6479160158053793,0.8059208609501836,0.4899111706605751
80:20,Top 20 Most Important features,Balanced Prior,1e-10,0.6479160158053793,0.8059208609501836,0.4899111706605751
80:20,Top 20 Most Important features,Balanced Prior,1e-09,0.6479160158053793,0.8059208609501836,0.4899111706605751
80:20,Top 20 Most Important features,Balanced Prior,1e-08,0.6479160158053793,0.8059208609501836,0.4899111706605751
80:20,Top 20 Most Important features,Balanced Prior,1e-07,0.6479160158053793,0.8059208609501836,0.4899111706605751
80:20,Top 20 Most Important features,Balanced Prior,1e-06,0.6479160158053793,0.8059208609501836,0.4899111706605751
80:20,Top 20 Most Important features,Balanced Prior,1e-05,0.6479160158053793,0.8059208609501836,0.4899111706605751
80:20,Top 20 Most Important features,Balanced Prior,0.0001,0.6478914028215332,0.8058971624765199,0.4898856431665465
80:20,Top 20 Most Important features,Balanced Prior,0.001,0.6479135696585002,0.8058896583901071,0.48993748092689354
80:20,Top 20 Most Important features,Balanced Prior,0.01,0.6479022731499046,0.805700948922859,0.49010359737695025
80:20,Top 20 Most Important features,Balanced Prior,0.1,0.6478547257803443,0.8042979550529477,0.4914114965077408
80:20,Top 20 Most Important features,Balanced Prior,1.0,0.6431485303441387,0.7953141026678363,0.4909829580204412
80:20,Top 20 Most Important features,Balanced Prior,10.0,0.6402766220808074,0.7880159647892244,0.4925372793723902
80:20,Top 20 Most Important features,Balanced Prior,100.0,0.6395404005720258,0.7867122869453536,0.4923685141986979
80:20,Top 20 Most Important features,Random Undersampling,1e-12,0.6475795386341315,0.8059356911076143,0.4892233861606486
80:20,Top 20 Most Important features,Random Undersampling,1e-11,0.6475795386341315,0.8059356911076143,0.4892233861606486
80:20,Top 20 Most Important features,Random Undersampling,1e-10,0.6475795386341315,0.8059356911076143,0.4892233861606486
80:20,Top 20 Most Important features,Random Undersampling,1e-09,0.6475795386341315,0.8059356911076143,0.4892233861606486
80:20,Top 20 Most Important features,Random Undersampling,1e-08,0.6475795386341315,0.8059356911076143,0.4892233861606486
80:20,Top 20 Most Important features,Random Undersampling,1e-07,0.6475795386341315,0.8059356911076143,0.4892233861606486
80:20,Top 20 Most Important features,Random Undersampling,1e-06,0.6475795386341315,0.8059356911076143,0.4892233861606486
80:20,Top 20 Most Important features,Random Undersampling,1e-05,0.6475795386341315,0.8059356911076143,0.4892233861606486
80:20,Top 20 Most Important features,Random Undersampling,0.0001,0.647554961551107,0.8059120066213008,0.4891979164809134
80:20,Top 20 Most Important features,Random Undersampling,0.001,0.6475051767622751,0.8058649172865209,0.48914543623802925
80:20,Top 20 Most Important features,Random Undersampling,0.01,0.6474497716473928,0.805723298767958,0.48917624452682773
80:20,Top 20 Most Important features,Random Undersampling,0.1,0.646317690980165,0.8035002293303728,0.4891351526299572
80:20,Top 20 Most Important features,Random Undersampling,1.0,0.6434135654931705,0.7956413640576242,0.49118576692871674
80:20,Top 20 Most Important features,Random Undersampling,10.0,0.640996160769769,0.7893759879146018,0.49261633362493606
80:20,Top 20 Most Important features,Random Undersampling,100.0,0.640866996703201,0.7886252380299468,0.4931087553764554
80:20,Top 20 Most Important features,Random Oversampling,1e-12,0.6481873258746184,0.8061769289235455,0.49019772282569135
80:20,Top 20 Most Important features,Random Oversampling,1e-11,0.6481873258746184,0.8061769289235455,0.49019772282569135
80:20,Top 20 Most Important features,Random Oversampling,1e-10,0.6481873258746184,0.8061769289235455,0.49019772282569135
80:20,Top 20 Most Important features,Random Oversampling,1e-09,0.6481873258746184,0.8061769289235455,0.49019772282569135
80:20,Top 20 Most Important features,Random Oversampling,1e-08,0.6481873258746184,0.8061769289235455,0.49019772282569135
80:20,Top 20 Most Important features,Random Oversampling,1e-07,0.6481873258746184,0.8061769289235455,0.49019772282569135
80:20,Top 20 Most Important features,Random Oversampling,1e-06,0.6481873258746184,0.8061769289235455,0.49019772282569135
80:20,Top 20 Most Important features,Random Oversampling,1e-05,0.6481873258746184,0.8061769289235455,0.49019772282569135
80:20,Top 20 Most Important features,Random Oversampling,0.0001,0.6481873258746184,0.8061769289235455,0.49019772282569135
80:20,Top 20 Most Important features,Random Oversampling,0.001,0.6481380953862163,0.80612965994452,0.4901465308279126
80:20,Top 20 Most Important features,Random Oversampling,0.01,0.647951978576603,0.8057437629499564,0.4901601942032497
80:20,Top 20 Most Important features,Random Oversampling,0.1,0.6469530762670952,0.8035407629091974,0.49036538962499304
80:20,Top 20 Most Important features,Random Oversampling,1.0,0.642249321996299,0.7935239071546332,0.4909747368379649
80:20,Top 20 Most Important features,Random Oversampling,10.0,0.6394102573700106,0.7864754557662272,0.4923450589737938
80:20,Top 20 Most Important features,Random Oversampling,100.0,0.6383802964242201,0.7850430652297549,0.4917175276186854
80:20,Top 20 Most Important features,SMOTE,1e-12,0.6600045167169543,0.8225334201223312,0.4974756133115772
80:20,Top 20 Most Important features,SMOTE,1e-11,0.6600045167169543,0.8225334201223312,0.4974756133115772
80:20,Top 20 Most Important features,SMOTE,1e-10,0.6600045167169543,0.8225334201223312,0.4974756133115772
80:20,Top 20 Most Important features,SMOTE,1e-09,0.6600045167169543,0.8225334201223312,0.4974756133115772
80:20,Top 20 Most Important features,SMOTE,1e-08,0.6600045167169543,0.8225334201223312,0.4974756133115772
80:20,Top 20 Most Important features,SMOTE,1e-07,0.6600045167169543,0.8225334201223312,0.4974756133115772
80:20,Top 20 Most Important features,SMOTE,1e-06,0.6600045167169543,0.8225334201223312,0.4974756133115772
80:20,Top 20 Most Important features,SMOTE,1e-05,0.6600045167169543,0.8225334201223312,0.4974756133115772
80:20,Top 20 Most Important features,SMOTE,0.0001,0.6599792056485111,0.8225106298764887,0.49744778142053325
80:20,Top 20 Most Important features,SMOTE,0.001,0.6598543373607946,0.8223954054868209,0.4973132692347682
80:20,Top 20 Most Important features,SMOTE,0.01,0.6591034918587629,0.8211016682943896,0.49710531542313613
80:20,Top 20 Most Important features,SMOTE,0.1,0.649864783317903,0.8078223123461088,0.4919072542896973
80:20,Top 20 Most Important features,SMOTE,1.0,0.6032424959799946,0.7371071993386498,0.4693777926213394
80:20,Top 20 Most Important features,SMOTE,10.0,0.5446980519751936,0.6519742660987203,0.43742183785166666
80:20,Top 20 Most Important features,SMOTE,100.0,0.5326174890785673,0.6339910081107929,0.4312439700463419
80:20,Top 22 Most Important features,Baseline,1e-12,0.6924765559736521,0.8871729879830468,0.49778012396425736
80:20,Top 22 Most Important features,Baseline,1e-11,0.6924765559736521,0.8871729879830468,0.49778012396425736
80:20,Top 22 Most Important features,Baseline,1e-10,0.6924765559736521,0.8871729879830468,0.49778012396425736
80:20,Top 22 Most Important features,Baseline,1e-09,0.6924765559736521,0.8871729879830468,0.49778012396425736
80:20,Top 22 Most Important features,Baseline,1e-08,0.6924765559736521,0.8871729879830468,0.49778012396425736
80:20,Top 22 Most Important features,Baseline,1e-07,0.6924765559736521,0.8871729879830468,0.49778012396425736
80:20,Top 22 Most Important features,Baseline,1e-06,0.6924765559736521,0.8871729879830468,0.49778012396425736
80:20,Top 22 Most Important features,Baseline,1e-05,0.6924765559736521,0.8871729879830468,0.49778012396425736
80:20,Top 22 Most Important features,Baseline,0.0001,0.6925064411411384,0.8871924568323946,0.49782042544988203
80:20,Top 22 Most Important features,Baseline,0.001,0.6924619371613987,0.8872200966341044,0.4977037776886927
80:20,Top 22 Most Important features,Baseline,0.01,0.692823151619897,0.8878398867708114,0.4978064164689827
80:20,Top 22 Most Important features,Baseline,0.1,0.6916538297539554,0.8915899277887622,0.4917177317191485
80:20,Top 22 Most Important features,Baseline,1.0,0.6121209991842823,0.908354486648521,0.31588751172004376
80:20,Top 22 Most Important features,Baseline,10.0,0.4497680381790712,0.8995360763581424,0.0
80:20,Top 22 Most Important features,Baseline,100.0,0.4497680381790712,0.8995360763581424,0.0
80:20,Top 22 Most Important features,Balanced Prior,1e-12,0.648088192375573,0.8061491019039801,0.490027282847166
80:20,Top 22 Most Important features,Balanced Prior,1e-11,0.648088192375573,0.8061491019039801,0.490027282847166
80:20,Top 22 Most Important features,Balanced Prior,1e-10,0.648088192375573,0.8061491019039801,0.490027282847166
80:20,Top 22 Most Important features,Balanced Prior,1e-09,0.648088192375573,0.8061491019039801,0.490027282847166
80:20,Top 22 Most Important features,Balanced Prior,1e-08,0.648088192375573,0.8061491019039801,0.490027282847166
80:20,Top 22 Most Important features,Balanced Prior,1e-07,0.648088192375573,0.8061491019039801,0.490027282847166
80:20,Top 22 Most Important features,Balanced Prior,1e-06,0.648088192375573,0.8061491019039801,0.490027282847166
80:20,Top 22 Most Important features,Balanced Prior,1e-05,0.648088192375573,0.8061491019039801,0.490027282847166
80:20,Top 22 Most Important features,Balanced Prior,0.0001,0.648088192375573,0.8061491019039801,0.490027282847166
80:20,Top 22 Most Important features,Balanced Prior,0.001,0.6481588790480124,0.8061573590395182,0.49016039905650644
80:20,Top 22 Most Important features,Balanced Prior,0.01,0.6479312486837683,0.8058491938592475,0.49001330350828887
80:20,Top 22 Most Important features,Balanced Prior,0.1,0.6473572504563266,0.8044357435185239,0.49027875739412974
80:20,Top 22 Most Important features,Balanced Prior,1.0,0.6451402418297432,0.7978107329086324,0.4924697507508542
80:20,Top 22 Most Important features,Balanced Prior,10.0,0.6438987034683993,0.7929737318658369,0.49482367507096175
80:20,Top 22 Most Important features,Balanced Prior,100.0,0.6434614086557738,0.7921875719490666,0.4947352453624812
80:20,Top 22 Most Important features,Random Undersampling,1e-12,0.6475442030209073,0.8060724511537692,0.48901595488804545
80:20,Top 22 Most Important features,Random Undersampling,1e-11,0.6475442030209073,0.8060724511537692,0.48901595488804545
80:20,Top 22 Most Important features,Random Undersampling,1e-10,0.6475442030209073,0.8060724511537692,0.48901595488804545
80:20,Top 22 Most Important features,Random Undersampling,1e-09,0.6475442030209073,0.8060724511537692,0.48901595488804545
80:20,Top 22 Most Important features,Random Undersampling,1e-08,0.6475442030209073,0.8060724511537692,0.48901595488804545
80:20,Top 22 Most Important features,Random Undersampling,1e-07,0.6475442030209073,0.8060724511537692,0.48901595488804545
80:20,Top 22 Most Important features,Random Undersampling,1e-06,0.6475442030209073,0.8060724511537692,0.48901595488804545
80:20,Top 22 Most Important features,Random Undersampling,1e-05,0.6475442030209073,0.8060724511537692,0.48901595488804545
80:20,Top 22 Most Important features,Random Undersampling,0.0001,0.6475919044253018,0.8060884830954448,0.48909532575515896
80:20,Top 22 Most Important features,Random Undersampling,0.001,0.6475675265494724,0.8060646491543203,0.48907040394462464
80:20,Top 22 Most Important features,Random Undersampling,0.01,0.6474117147460083,0.8057650668751541,0.4890583626168624
80:20,Top 22 Most Important features,Random Undersampling,0.1,0.6471223050253334,0.8044833036360346,0.4897613064146321
80:20,Top 22 Most Important features,Random Undersampling,1.0,0.6449816348370553,0.7981646268745981,0.49179864279951246
80:20,Top 22 Most Important features,Random Undersampling,10.0,0.6439038634300751,0.7939187217465424,0.49388900511360767
80:20,Top 22 Most Important features,Random Undersampling,100.0,0.6439615615191018,0.7934492687212636,0.4944738543169399
80:20,Top 22 Most Important features,Random Oversampling,1e-12,0.6475063055235651,0.805734116153868,0.4892784948932623
80:20,Top 22 Most Important features,Random Oversampling,1e-11,0.6475063055235651,0.805734116153868,0.4892784948932623
80:20,Top 22 Most Important features,Random Oversampling,1e-10,0.6475063055235651,0.805734116153868,0.4892784948932623
80:20,Top 22 Most Important features,Random Oversampling,1e-09,0.6475063055235651,0.805734116153868,0.4892784948932623
80:20,Top 22 Most Important features,Random Oversampling,1e-08,0.6475063055235651,0.805734116153868,0.4892784948932623
80:20,Top 22 Most Important features,Random Oversampling,1e-07,0.6475063055235651,0.805734116153868,0.4892784948932623
80:20,Top 22 Most Important features,Random Oversampling,1e-06,0.6475063055235651,0.805734116153868,0.4892784948932623
80:20,Top 22 Most Important features,Random Oversampling,1e-05,0.6475063055235651,0.805734116153868,0.4892784948932623
80:20,Top 22 Most Important features,Random Oversampling,0.0001,0.6475063055235651,0.805734116153868,0.4892784948932623
80:20,Top 22 Most Important features,Random Oversampling,0.001,0.6474814615428233,0.8057104089666112,0.48925251411903525
80:20,Top 22 Most Important features,Random Oversampling,0.01,0.6474947627710789,0.8055143121772629,0.48947521336489463
80:20,Top 22 Most Important features,Random Oversampling,0.1,0.6476192518213988,0.8044713237082564,0.49076717993454133
80:20,Top 22 Most Important features,Random Oversampling,1.0,0.6443763936199853,0.7962483796668756,0.4925044075730952
80:20,Top 22 Most Important features,Random Oversampling,10.0,0.6429414167220804,0.7911741893950986,0.4947086440490621
80:20,Top 22 Most Important features,Random Oversampling,100.0,0.6427068138622173,0.7902967542685329,0.4951168734559017
80:20,Top 22 Most Important features,SMOTE,1e-12,0.6609661003598756,0.8240032172435722,0.4979289834761788
80:20,Top 22 Most Important features,SMOTE,1e-11,0.6609661003598756,0.8240032172435722,0.4979289834761788
80:20,Top 22 Most Important features,SMOTE,1e-10,0.6609661003598756,0.8240032172435722,0.4979289834761788
80:20,Top 22 Most Important features,SMOTE,1e-09,0.6609661003598756,0.8240032172435722,0.4979289834761788
80:20,Top 22 Most Important features,SMOTE,1e-08,0.6609661003598756,0.8240032172435722,0.4979289834761788
80:20,Top 22 Most Important features,SMOTE,1e-07,0.6609661003598756,0.8240032172435722,0.4979289834761788
80:20,Top 22 Most Important features,SMOTE,1e-06,0.6609661003598756,0.8240032172435722,0.4979289834761788
80:20,Top 22 Most Important features,SMOTE,1e-05,0.6609661003598756,0.8240032172435722,0.4979289834761788
80:20,Top 22 Most Important features,SMOTE,0.0001,0.6609155579910955,0.8239576724084732,0.49787344357371754
80:20,Top 22 Most Important features,SMOTE,0.001,0.6609122837705061,0.8238386824938546,0.4979858850471577
80:20,Top 22 Most Important features,SMOTE,0.01,0.6595878349024595,0.8221718211674489,0.49700384863747027
80:20,Top 22 Most Important features,SMOTE,0.1,0.6493925009972324,0.8074067405406045,0.4913782614538603
80:20,Top 22 Most Important features,SMOTE,1.0,0.5947905362039274,0.7259922714281899,0.4635888009796648
80:20,Top 22 Most Important features,SMOTE,10.0,0.5262474386925222,0.6248356942269359,0.4276591831581089
80:20,Top 22 Most Important features,SMOTE,100.0,0.512400545565531,0.6037805507903705,0.4210205403406914
70:30,All features,Baseline,1e-12,0.6883528108317452,0.8854332021740741,0.49127241948941636
70:30,All features,Baseline,1e-11,0.6883528108317452,0.8854332021740741,0.49127241948941636
70:30,All features,Baseline,1e-10,0.6883528108317452,0.8854332021740741,0.49127241948941636
70:30,All features,Baseline,1e-09,0.6883528108317452,0.8854332021740741,0.49127241948941636
70:30,All features,Baseline,1e-08,0.6883528108317452,0.8854332021740741,0.49127241948941636
70:30,All features,Baseline,1e-07,0.6883528108317452,0.8854332021740741,0.49127241948941636
70:30,All features,Baseline,1e-06,0.6883528108317452,0.8854332021740741,0.49127241948941636
70:30,All features,Baseline,1e-05,0.6883528108317452,0.8854332021740741,0.49127241948941636
70:30,All features,Baseline,0.0001,0.6883528108317452,0.8854332021740741,0.49127241948941636
70:30,All features,Baseline,0.001,0.6885194289294674,0.8855452368075678,0.49149362105136696
70:30,All features,Baseline,0.01,0.6885686183286286,0.8860864762738846,0.4910507603833727
70:30,All features,Baseline,0.1,0.6885730356560318,0.8906500637453757,0.4864960075666877
70:30,All features,Baseline,1.0,0.6138410537528556,0.9087396334918662,0.31894247401384485
70:30,All features,Baseline,10.0,0.44976656742122867,0.8995331348424573,0.0
70:30,All features,Baseline,100.0,0.44976656742122867,0.8995331348424573,0.0
70:30,All features,Balanced Prior,1e-12,0.6473251473902986,0.8055415612266359,0.48910873355396134
70:30,All features,Balanced Prior,1e-11,0.6473251473902986,0.8055415612266359,0.48910873355396134
70:30,All features,Balanced Prior,1e-10,0.6473251473902986,0.8055415612266359,0.48910873355396134
70:30,All features,Balanced Prior,1e-09,0.6473251473902986,0.8055415612266359,0.48910873355396134
70:30,All features,Balanced Prior,1e-08,0.6473251473902986,0.8055415612266359,0.48910873355396134
70:30,All features,Balanced Prior,1e-07,0.6473251473902986,0.8055415612266359,0.48910873355396134
70:30,All features,Balanced Prior,1e-06,0.6473251473902986,0.8055415612266359,0.48910873355396134
70:30,All features,Balanced Prior,1e-05,0.6473251473902986,0.8055415612266359,0.48910873355396134
70:30,All features,Balanced Prior,0.0001,0.6473251473902986,0.8055415612266359,0.48910873355396134
70:30,All features,Balanced Prior,0.001,0.6472966684236985,0.8055149123198424,0.4890784245275544
70:30,All features,Balanced Prior,0.01,0.6471767017603363,0.805297319412392,0.48905608410828016
70:30,All features,Balanced Prior,0.1,0.6467836261828853,0.8038181576096666,0.4897490947561042
70:30,All features,Balanced Prior,1.0,0.6442735605566029,0.7971340208139815,0.4914131002992244
70:30,All features,Balanced Prior,10.0,0.6437673010843274,0.7925222175038013,0.4950123846648535
70:30,All features,Balanced Prior,100.0,0.6436666496191433,0.7918532115917074,0.49548008764657936
70:30,All features,Random Undersampling,1e-12,0.6463264798298582,0.8049102991591832,0.48774266050053317
70:30,All features,Random Undersampling,1e-11,0.6463264798298582,0.8049102991591832,0.48774266050053317
70:30,All features,Random Undersampling,1e-10,0.6463264798298582,0.8049102991591832,0.48774266050053317
70:30,All features,Random Undersampling,1e-09,0.6463264798298582,0.8049102991591832,0.48774266050053317
70:30,All features,Random Undersampling,1e-08,0.6463264798298582,0.8049102991591832,0.48774266050053317
70:30,All features,Random Undersampling,1e-07,0.6463264798298582,0.8049102991591832,0.48774266050053317
70:30,All features,Random Undersampling,1e-06,0.6463264798298582,0.8049102991591832,0.48774266050053317
70:30,All features,Random Undersampling,1e-05,0.6463264798298582,0.8049102991591832,0.48774266050053317
70:30,All features,Random Undersampling,0.0001,0.6463264798298582,0.8049102991591832,0.48774266050053317
70:30,All features,Random Undersampling,0.001,0.6462986528983642,0.804882796344916,0.4877145094518124
70:30,All features,Random Undersampling,0.01,0.6461306929518091,0.8047221405651094,0.487539245338509
70:30,All features,Random Undersampling,0.1,0.6453233293821774,0.8030802173565006,0.48756644140785443
70:30,All features,Random Undersampling,1.0,0.6458213302606103,0.798614889511416,0.49302777100980466
70:30,All features,Random Undersampling,10.0,0.6459750858114363,0.7956506178687353,0.49629955375413726
70:30,All features,Random Undersampling,100.0,0.645513864331563,0.7951173504372132,0.49591037822591266
70:30,All features,Random Oversampling,1e-12,0.6472461473639348,0.8057872608334893,0.4887050338943803
70:30,All features,Random Oversampling,1e-11,0.6472461473639348,0.8057872608334893,0.4887050338943803
70:30,All features,Random Oversampling,1e-10,0.6472461473639348,0.8057872608334893,0.4887050338943803
70:30,All features,Random Oversampling,1e-09,0.6472461473639348,0.8057872608334893,0.4887050338943803
70:30,All features,Random Oversampling,1e-08,0.6472461473639348,0.8057872608334893,0.4887050338943803
70:30,All features,Random Oversampling,1e-07,0.6472461473639348,0.8057872608334893,0.4887050338943803
70:30,All features,Random Oversampling,1e-06,0.6472461473639348,0.8057872608334893,0.4887050338943803
70:30,All features,Random Oversampling,1e-05,0.6472461473639348,0.8057872608334893,0.4887050338943803
70:30,All features,Random Oversampling,0.0001,0.6472461473639348,0.8057872608334893,0.4887050338943803
70:30,All features,Random Oversampling,0.001,0.6471896899101217,0.805733142276269,0.4886462375439743
70:30,All features,Random Oversampling,0.01,0.647102322189394,0.8055446011519851,0.4886600432268032
70:30,All features,Random Oversampling,0.1,0.64629203130644,0.8035401108653957,0.4890439517474842
70:30,All features,Random Oversampling,1.0,0.6438076293066699,0.7959859957139869,0.49162926289935294
70:30,All features,Random Oversampling,10.0,0.6428591888621554,0.7912399798944658,0.49447839782984515
70:30,All features,Random Oversampling,100.0,0.6424620417541709,0.7903730129522468,0.4945510705560949
70:30,All features,SMOTE,1e-12,0.6611561088984148,0.8290220204358134,0.4932901973610161
70:30,All features,SMOTE,1e-11,0.6611561088984148,0.8290220204358134,0.4932901973610161
70:30,All features,SMOTE,1e-10,0.6611561088984148,0.8290220204358134,0.4932901973610161
70:30,All features,SMOTE,1e-09,0.6611561088984148,0.8290220204358134,0.4932901973610161
70:30,All features,SMOTE,1e-08,0.6611561088984148,0.8290220204358134,0.4932901973610161
70:30,All features,SMOTE,1e-07,0.6611561088984148,0.8290220204358134,0.4932901973610161
70:30,All features,SMOTE,1e-06,0.6611561088984148,0.8290220204358134,0.4932901973610161
70:30,All features,SMOTE,1e-05,0.6611561088984148,0.8290220204358134,0.4932901973610161
70:30,All features,SMOTE,0.0001,0.6612154975196882,0.8290403205822618,0.49339067445711454
70:30,All features,SMOTE,0.001,0.6609521707268243,0.8287781237267513,0.49312621772689724
70:30,All features,SMOTE,0.01,0.6595943449634047,0.8267640099488667,0.4924246799779429
70:30,All features,SMOTE,0.1,0.6470311853503883,0.8062242810561357,0.48783808964464087
70:30,All features,SMOTE,1.0,0.5518090835579196,0.6656343575579104,0.43798380955792854
70:30,All features,SMOTE,10.0,0.4209957741919558,0.4612063471659522,0.38078520121795933
70:30,All features,SMOTE,100.0,0.3940150596058932,0.4166844207169813,0.3713456984948052
70:30,Direct Variation features,Baseline,1e-12,0.6321481762938338,0.87899450227169,0.3853018503159774
70:30,Direct Variation features,Baseline,1e-11,0.6321481762938338,0.87899450227169,0.3853018503159774
70:30,Direct Variation features,Baseline,1e-10,0.6321481762938338,0.87899450227169,0.3853018503159774
70:30,Direct Variation features,Baseline,1e-09,0.6321481762938338,0.87899450227169,0.3853018503159774
70:30,Direct Variation features,Baseline,1e-08,0.6321481762938338,0.87899450227169,0.3853018503159774
70:30,Direct Variation features,Baseline,1e-07,0.6321481762938338,0.87899450227169,0.3853018503159774
70:30,Direct Variation features,Baseline,1e-06,0.6321481762938338,0.87899450227169,0.3853018503159774
70:30,Direct Variation features,Baseline,1e-05,0.6321481762938338,0.87899450227169,0.3853018503159774
70:30,Direct Variation features,Baseline,0.0001,0.632092379823586,0.8789992481399311,0.38518551150724073
70:30,Direct Variation features,Baseline,0.001,0.6318803715213429,0.878991347442664,0.3847693956000216
70:30,Direct Variation features,Baseline,0.01,0.6313640981444567,0.8797678272734556,0.38296036901545766
70:30,Direct Variation features,Baseline,0.1,0.6238454907565426,0.8848154043278142,0.36287557718527086
70:30,Direct Variation features,Baseline,1.0,0.463141533837898,0.900121404853478,0.026161662822318105
70:30,Direct Variation features,Baseline,10.0,0.44976656742122867,0.8995331348424573,0.0
70:30,Direct Variation features,Baseline,100.0,0.44976656742122867,0.8995331348424573,0.0
70:30,Direct Variation features,Balanced Prior,1e-12,0.5968381241169103,0.7578078725989483,0.43586837563487224
70:30,Direct Variation features,Balanced Prior,1e-11,0.5968381241169103,0.7578078725989483,0.43586837563487224
70:30,Direct Variation features,Balanced Prior,1e-10,0.5968381241169103,0.7578078725989483,0.43586837563487224
70:30,Direct Variation features,Balanced Prior,1e-09,0.5968381241169103,0.7578078725989483,0.43586837563487224
70:30,Direct Variation features,Balanced Prior,1e-08,0.5968381241169103,0.7578078725989483,0.43586837563487224
70:30,Direct Variation features,Balanced Prior,1e-07,0.5968381241169103,0.7578078725989483,0.43586837563487224
70:30,Direct Variation features,Balanced Prior,1e-06,0.5968381241169103,0.7578078725989483,0.43586837563487224
70:30,Direct Variation features,Balanced Prior,1e-05,0.5968381241169103,0.7578078725989483,0.43586837563487224
70:30,Direct Variation features,Balanced Prior,0.0001,0.5968381241169103,0.7578078725989483,0.43586837563487224
70:30,Direct Variation features,Balanced Prior,0.001,0.5968381241169103,0.7578078725989483,0.43586837563487224
70:30,Direct Variation features,Balanced Prior,0.01,0.5969499590471212,0.7580458815163584,0.4358540365778841
70:30,Direct Variation features,Balanced Prior,0.1,0.5982273130456081,0.7603435459122155,0.4361110801790005
70:30,Direct Variation features,Balanced Prior,1.0,0.6034595675010437,0.7710931766499588,0.4358259583521285
70:30,Direct Variation features,Balanced Prior,10.0,0.6131179477330464,0.7864893237396782,0.4397465717264149
70:30,Direct Variation features,Balanced Prior,100.0,0.615841776758115,0.7903894759232297,0.4412940775930004
70:30,Direct Variation features,Random Undersampling,1e-12,0.5973045642972552,0.7583681018113647,0.4362410267831459
70:30,Direct Variation features,Random Undersampling,1e-11,0.5973045642972552,0.7583681018113647,0.4362410267831459
70:30,Direct Variation features,Random Undersampling,1e-10,0.5973045642972552,0.7583681018113647,0.4362410267831459
70:30,Direct Variation features,Random Undersampling,1e-09,0.5973045642972552,0.7583681018113647,0.4362410267831459
70:30,Direct Variation features,Random Undersampling,1e-08,0.5973045642972552,0.7583681018113647,0.4362410267831459
70:30,Direct Variation features,Random Undersampling,1e-07,0.5973045642972552,0.7583681018113647,0.4362410267831459
70:30,Direct Variation features,Random Undersampling,1e-06,0.5973045642972552,0.7583681018113647,0.4362410267831459
70:30,Direct Variation features,Random Undersampling,1e-05,0.5973045642972552,0.7583681018113647,0.4362410267831459
70:30,Direct Variation features,Random Undersampling,0.0001,0.5972780288904465,0.7583390454258587,0.43621701235503424
70:30,Direct Variation features,Random Undersampling,0.001,0.5973045642972552,0.7583681018113647,0.4362410267831459
70:30,Direct Variation features,Random Undersampling,0.01,0.5974402005271019,0.7585943964478482,0.4362860046063556
70:30,Direct Variation features,Random Undersampling,0.1,0.5984235559641454,0.7605679896128221,0.43627912231546856
70:30,Direct Variation features,Random Undersampling,1.0,0.6044923010447034,0.7723278942041045,0.4366567078853024
70:30,Direct Variation features,Random Undersampling,10.0,0.6123394393679382,0.7857850057517196,0.43889387298415683
70:30,Direct Variation features,Random Undersampling,100.0,0.6142095035662908,0.7890277639422815,0.43939124319030015
70:30,Direct Variation features,Random Oversampling,1e-12,0.5967113990739749,0.7577800216694892,0.43564277647846045
70:30,Direct Variation features,Random Oversampling,1e-11,0.5967113990739749,0.7577800216694892,0.43564277647846045
70:30,Direct Variation features,Random Oversampling,1e-10,0.5967113990739749,0.7577800216694892,0.43564277647846045
70:30,Direct Variation features,Random Oversampling,1e-09,0.5967113990739749,0.7577800216694892,0.43564277647846045
70:30,Direct Variation features,Random Oversampling,1e-08,0.5967113990739749,0.7577800216694892,0.43564277647846045
70:30,Direct Variation features,Random Oversampling,1e-07,0.5967113990739749,0.7577800216694892,0.43564277647846045
70:30,Direct Variation features,Random Oversampling,1e-06,0.5967113990739749,0.7577800216694892,0.43564277647846045
70:30,Direct Variation features,Random Oversampling,1e-05,0.5967113990739749,0.7577800216694892,0.43564277647846045
70:30,Direct Variation features,Random Oversampling,0.0001,0.5967113990739749,0.7577800216694892,0.43564277647846045
70:30,Direct Variation features,Random Oversampling,0.001,0.5967113990739749,0.7577800216694892,0.43564277647846045
70:30,Direct Variation features,Random Oversampling,0.01,0.5969787895503029,0.7581099103175756,0.4358476687830303
70:30,Direct Variation features,Random Oversampling,0.1,0.5978827494460207,0.7600843249665177,0.4356811739255235
70:30,Direct Variation features,Random Oversampling,1.0,0.6039509365015945,0.772104904647182,0.43579696835600695
70:30,Direct Variation features,Random Oversampling,10.0,0.6128634405362193,0.7864665595616503,0.4392603215107882
70:30,Direct Variation features,Random Oversampling,100.0,0.6151717051265979,0.7895605372733493,0.4407828729798465
70:30,Direct Variation features,SMOTE,1e-12,0.5965666356222602,0.7605773506463095,0.4325559205982109
70:30,Direct Variation features,SMOTE,1e-11,0.5965666356222602,0.7605773506463095,0.4325559205982109
70:30,Direct Variation features,SMOTE,1e-10,0.5965666356222602,0.7605773506463095,0.4325559205982109
70:30,Direct Variation features,SMOTE,1e-09,0.5965666356222602,0.7605773506463095,0.4325559205982109
70:30,Direct Variation features,SMOTE,1e-08,0.5965666356222602,0.7605773506463095,0.4325559205982109
70:30,Direct Variation features,SMOTE,1e-07,0.5965666356222602,0.7605773506463095,0.4325559205982109
70:30,Direct Variation features,SMOTE,1e-06,0.5965666356222602,0.7605773506463095,0.4325559205982109
70:30,Direct Variation features,SMOTE,1e-05,0.5965666356222602,0.7605773506463095,0.4325559205982109
70:30,Direct Variation features,SMOTE,0.0001,0.5965666356222602,0.7605773506463095,0.4325559205982109
70:30,Direct Variation features,SMOTE,0.001,0.5965138388316531,0.7605194414601522,0.4325082362031537
70:30,Direct Variation features,SMOTE,0.01,0.5962713861431592,0.7600984815432174,0.4324442907431011
70:30,Direct Variation features,SMOTE,0.1,0.5945795886622424,0.7571334094463007,0.4320257678781843
70:30,Direct Variation features,SMOTE,1.0,0.5881662356961712,0.7451687705753468,0.43116370081699584
70:30,Direct Variation features,SMOTE,10.0,0.5841801522892445,0.7377742554889501,0.4305860490895389
70:30,Direct Variation features,SMOTE,100.0,0.5836509567914785,0.7367717344191508,0.4305301791638062
70:30,Top 10 Most Important features,Baseline,1e-12,0.6776364712912708,0.8808484466672752,0.4744244959152664
70:30,Top 10 Most Important features,Baseline,1e-11,0.6776364712912708,0.8808484466672752,0.4744244959152664
70:30,Top 10 Most Important features,Baseline,1e-10,0.6776364712912708,0.8808484466672752,0.4744244959152664
70:30,Top 10 Most Important features,Baseline,1e-09,0.6776364712912708,0.8808484466672752,0.4744244959152664
70:30,Top 10 Most Important features,Baseline,1e-08,0.6776364712912708,0.8808484466672752,0.4744244959152664
70:30,Top 10 Most Important features,Baseline,1e-07,0.6776364712912708,0.8808484466672752,0.4744244959152664
70:30,Top 10 Most Important features,Baseline,1e-06,0.6776364712912708,0.8808484466672752,0.4744244959152664
70:30,Top 10 Most Important features,Baseline,1e-05,0.6776364712912708,0.8808484466672752,0.4744244959152664
70:30,Top 10 Most Important features,Baseline,0.0001,0.6776364712912708,0.8808484466672752,0.4744244959152664
70:30,Top 10 Most Important features,Baseline,0.001,0.6776939140184599,0.8809209387990515,0.4744668892378682
70:30,Top 10 Most Important features,Baseline,0.01,0.6779601574711458,0.8816227354703658,0.4742975794719257
70:30,Top 10 Most Important features,Baseline,0.1,0.6771919539593567,0.8863777328069198,0.4680061751117937
70:30,Top 10 Most Important features,Baseline,1.0,0.5983209808995803,0.906096199540646,0.2905457622585145
70:30,Top 10 Most Important features,Baseline,10.0,0.44976656742122867,0.8995331348424573,0.0
70:30,Top 10 Most Important features,Baseline,100.0,0.44976656742122867,0.8995331348424573,0.0
70:30,Top 10 Most Important features,Balanced Prior,1e-12,0.6345180496537325,0.7969621221665546,0.47207397714091054
70:30,Top 10 Most Important features,Balanced Prior,1e-11,0.6345180496537325,0.7969621221665546,0.47207397714091054
70:30,Top 10 Most Important features,Balanced Prior,1e-10,0.6345180496537325,0.7969621221665546,0.47207397714091054
70:30,Top 10 Most Important features,Balanced Prior,1e-09,0.6345180496537325,0.7969621221665546,0.47207397714091054
70:30,Top 10 Most Important features,Balanced Prior,1e-08,0.6345180496537325,0.7969621221665546,0.47207397714091054
70:30,Top 10 Most Important features,Balanced Prior,1e-07,0.6345180496537325,0.7969621221665546,0.47207397714091054
70:30,Top 10 Most Important features,Balanced Prior,1e-06,0.6345180496537325,0.7969621221665546,0.47207397714091054
70:30,Top 10 Most Important features,Balanced Prior,1e-05,0.6345180496537325,0.7969621221665546,0.47207397714091054
70:30,Top 10 Most Important features,Balanced Prior,0.0001,0.6345180496537325,0.7969621221665546,0.47207397714091054
70:30,Top 10 Most Important features,Balanced Prior,0.001,0.6345431041467304,0.7969532034794615,0.47213300481399945
70:30,Top 10 Most Important features,Balanced Prior,0.01,0.6346193602069528,0.7968541033528631,0.47238461706104273
70:30,Top 10 Most Important features,Balanced Prior,0.1,0.634672201579355,0.7960214908970269,0.4733229122616831
70:30,Top 10 Most Important features,Balanced Prior,1.0,0.6341353010666706,0.7912830908258364,0.47698751130750494
70:30,Top 10 Most Important features,Balanced Prior,10.0,0.6338829333990399,0.7877627057009751,0.4800031610971045
70:30,Top 10 Most Important features,Balanced Prior,100.0,0.6338922986916982,0.7872486302809178,0.48053596710247826
70:30,Top 10 Most Important features,Random Undersampling,1e-12,0.6362393398364719,0.7983253837996984,0.47415329587324545
70:30,Top 10 Most Important features,Random Undersampling,1e-11,0.6362393398364719,0.7983253837996984,0.47415329587324545
70:30,Top 10 Most Important features,Random Undersampling,1e-10,0.6362393398364719,0.7983253837996984,0.47415329587324545
70:30,Top 10 Most Important features,Random Undersampling,1e-09,0.6362393398364719,0.7983253837996984,0.47415329587324545
70:30,Top 10 Most Important features,Random Undersampling,1e-08,0.6362393398364719,0.7983253837996984,0.47415329587324545
70:30,Top 10 Most Important features,Random Undersampling,1e-07,0.6362393398364719,0.7983253837996984,0.47415329587324545
70:30,Top 10 Most Important features,Random Undersampling,1e-06,0.6362393398364719,0.7983253837996984,0.47415329587324545
70:30,Top 10 Most Important features,Random Undersampling,1e-05,0.6362393398364719,0.7983253837996984,0.47415329587324545
70:30,Top 10 Most Important features,Random Undersampling,0.0001,0.6362393398364719,0.7983253837996984,0.47415329587324545
70:30,Top 10 Most Important features,Random Undersampling,0.001,0.6362369739417393,0.7982885129467198,0.4741854349367588
70:30,Top 10 Most Important features,Random Undersampling,0.01,0.6359041729453456,0.7979616155430354,0.473846730347656
70:30,Top 10 Most Important features,Random Undersampling,0.1,0.635817036632371,0.7967745453403946,0.47485952792434727
70:30,Top 10 Most Important features,Random Undersampling,1.0,0.6352543781417666,0.7918097888144151,0.4786989674691179
70:30,Top 10 Most Important features,Random Undersampling,10.0,0.6348667835920153,0.7882856544094012,0.48144791277462956
70:30,Top 10 Most Important features,Random Undersampling,100.0,0.6347124201104599,0.7876454544421976,0.4817793857787221
70:30,Top 10 Most Important features,Random Oversampling,1e-12,0.6347818725991712,0.7972067669284983,0.4723569782698441
70:30,Top 10 Most Important features,Random Oversampling,1e-11,0.6347818725991712,0.7972067669284983,0.4723569782698441
70:30,Top 10 Most Important features,Random Oversampling,1e-10,0.6347818725991712,0.7972067669284983,0.4723569782698441
70:30,Top 10 Most Important features,Random Oversampling,1e-09,0.6347818725991712,0.7972067669284983,0.4723569782698441
70:30,Top 10 Most Important features,Random Oversampling,1e-08,0.6347818725991712,0.7972067669284983,0.4723569782698441
70:30,Top 10 Most Important features,Random Oversampling,1e-07,0.6347818725991712,0.7972067669284983,0.4723569782698441
70:30,Top 10 Most Important features,Random Oversampling,1e-06,0.6347818725991712,0.7972067669284983,0.4723569782698441
70:30,Top 10 Most Important features,Random Oversampling,1e-05,0.6347818725991712,0.7972067669284983,0.4723569782698441
70:30,Top 10 Most Important features,Random Oversampling,0.0001,0.6347818725991712,0.7972067669284983,0.4723569782698441
70:30,Top 10 Most Important features,Random Oversampling,0.001,0.6347818725991712,0.7972067669284983,0.4723569782698441
70:30,Top 10 Most Important features,Random Oversampling,0.01,0.6348869619842439,0.7970984330327463,0.47267549093574146
70:30,Top 10 Most Important features,Random Oversampling,0.1,0.6349080008030199,0.7961293495899338,0.47368665201610627
70:30,Top 10 Most Important features,Random Oversampling,1.0,0.63404977677051,0.7908107083153358,0.4772888452256841
70:30,Top 10 Most Important features,Random Oversampling,10.0,0.6337655723487177,0.7872918187264238,0.4802393259710116
70:30,Top 10 Most Important features,Random Oversampling,100.0,0.6336929645466454,0.7866482592514125,0.4807376698418781
70:30,Top 10 Most Important features,SMOTE,1e-12,0.6387608174996826,0.8010603175469088,0.47646131745245635
70:30,Top 10 Most Important features,SMOTE,1e-11,0.6387608174996826,0.8010603175469088,0.47646131745245635
70:30,Top 10 Most Important features,SMOTE,1e-10,0.6387608174996826,0.8010603175469088,0.47646131745245635
70:30,Top 10 Most Important features,SMOTE,1e-09,0.6387608174996826,0.8010603175469088,0.47646131745245635
70:30,Top 10 Most Important features,SMOTE,1e-08,0.6387608174996826,0.8010603175469088,0.47646131745245635
70:30,Top 10 Most Important features,SMOTE,1e-07,0.6387608174996826,0.8010603175469088,0.47646131745245635
70:30,Top 10 Most Important features,SMOTE,1e-06,0.6387608174996826,0.8010603175469088,0.47646131745245635
70:30,Top 10 Most Important features,SMOTE,1e-05,0.6387608174996826,0.8010603175469088,0.47646131745245635
70:30,Top 10 Most Important features,SMOTE,0.0001,0.6387608174996826,0.8010603175469088,0.47646131745245635
70:30,Top 10 Most Important features,SMOTE,0.001,0.6386774902795642,0.800978517400182,0.4763764631589466
70:30,Top 10 Most Important features,SMOTE,0.01,0.6385322143815428,0.8005528814291727,0.47651154733391304
70:30,Top 10 Most Important features,SMOTE,0.1,0.637601762321602,0.7979972579400363,0.4772062667031676
70:30,Top 10 Most Important features,SMOTE,1.0,0.6279280974301704,0.7814641112684553,0.4743920835918856
70:30,Top 10 Most Important features,SMOTE,10.0,0.6215389800282848,0.7690842346709986,0.47399372538557116
70:30,Top 10 Most Important features,SMOTE,100.0,0.6207462617269937,0.7669681236204191,0.4745243998335683
70:30,Top 20 Most Important features,Baseline,1e-12,0.6908343160463324,0.8867548715615413,0.49491376053112335
70:30,Top 20 Most Important features,Baseline,1e-11,0.6908343160463324,0.8867548715615413,0.49491376053112335
70:30,Top 20 Most Important features,Baseline,1e-10,0.6908343160463324,0.8867548715615413,0.49491376053112335
70:30,Top 20 Most Important features,Baseline,1e-09,0.6908343160463324,0.8867548715615413,0.49491376053112335
70:30,Top 20 Most Important features,Baseline,1e-08,0.6908343160463324,0.8867548715615413,0.49491376053112335
70:30,Top 20 Most Important features,Baseline,1e-07,0.6908343160463324,0.8867548715615413,0.49491376053112335
70:30,Top 20 Most Important features,Baseline,1e-06,0.6908343160463324,0.8867548715615413,0.49491376053112335
70:30,Top 20 Most Important features,Baseline,1e-05,0.6908343160463324,0.8867548715615413,0.49491376053112335
70:30,Top 20 Most Important features,Baseline,0.0001,0.6906837422747778,0.8867190908609037,0.494648393688652
70:30,Top 20 Most Important features,Baseline,0.001,0.6907750210210751,0.8868130594369406,0.49473698260520954
70:30,Top 20 Most Important features,Baseline,0.01,0.6908000907000266,0.8870688703164271,0.4945313110836259
70:30,Top 20 Most Important features,Baseline,0.1,0.6902676711897537,0.8912750973781917,0.48926024500131593
70:30,Top 20 Most Important features,Baseline,1.0,0.6133046564262727,0.908458038136818,0.31815127471572746
70:30,Top 20 Most Important features,Baseline,10.0,0.44976656742122867,0.8995331348424573,0.0
70:30,Top 20 Most Important features,Baseline,100.0,0.44976656742122867,0.8995331348424573,0.0
70:30,Top 20 Most Important features,Balanced Prior,1e-12,0.6489394982740302,0.8067800302599615,0.49109896628809907
70:30,Top 20 Most Important features,Balanced Prior,1e-11,0.6489394982740302,0.8067800302599615,0.49109896628809907
70:30,Top 20 Most Important features,Balanced Prior,1e-10,0.6489394982740302,0.8067800302599615,0.49109896628809907
70:30,Top 20 Most Important features,Balanced Prior,1e-09,0.6489394982740302,0.8067800302599615,0.49109896628809907
70:30,Top 20 Most Important features,Balanced Prior,1e-08,0.6489394982740302,0.8067800302599615,0.49109896628809907
70:30,Top 20 Most Important features,Balanced Prior,1e-07,0.6489394982740302,0.8067800302599615,0.49109896628809907
70:30,Top 20 Most Important features,Balanced Prior,1e-06,0.6489394982740302,0.8067800302599615,0.49109896628809907
70:30,Top 20 Most Important features,Balanced Prior,1e-05,0.6489394982740302,0.8067800302599615,0.49109896628809907
70:30,Top 20 Most Important features,Balanced Prior,0.0001,0.6489394982740302,0.8067800302599615,0.49109896628809907
70:30,Top 20 Most Important features,Balanced Prior,0.001,0.6489394982740302,0.8067800302599615,0.49109896628809907
70:30,Top 20 Most Important features,Balanced Prior,0.01,0.6488498595536294,0.80662728901706,0.49107243009019885
70:30,Top 20 Most Important features,Balanced Prior,0.1,0.6475825819248816,0.8046780858081561,0.49048707804160674
70:30,Top 20 Most Important features,Balanced Prior,1.0,0.6434467856783023,0.7958477959936273,0.4910457753629771
70:30,Top 20 Most Important features,Balanced Prior,10.0,0.6403406962500311,0.7886521997790444,0.4920291927210176
70:30,Top 20 Most Important features,Balanced Prior,100.0,0.6396204107194006,0.7873199743021477,0.49192084713665346
70:30,Top 20 Most Important features,Random Undersampling,1e-12,0.649772528941939,0.8075647264339401,0.4919803314499382
70:30,Top 20 Most Important features,Random Undersampling,1e-11,0.649772528941939,0.8075647264339401,0.4919803314499382
70:30,Top 20 Most Important features,Random Undersampling,1e-10,0.649772528941939,0.8075647264339401,0.4919803314499382
70:30,Top 20 Most Important features,Random Undersampling,1e-09,0.649772528941939,0.8075647264339401,0.4919803314499382
70:30,Top 20 Most Important features,Random Undersampling,1e-08,0.649772528941939,0.8075647264339401,0.4919803314499382
70:30,Top 20 Most Important features,Random Undersampling,1e-07,0.649772528941939,0.8075647264339401,0.4919803314499382
70:30,Top 20 Most Important features,Random Undersampling,1e-06,0.649772528941939,0.8075647264339401,0.4919803314499382
70:30,Top 20 Most Important features,Random Undersampling,1e-05,0.649772528941939,0.8075647264339401,0.4919803314499382
70:30,Top 20 Most Important features,Random Undersampling,0.0001,0.649772528941939,0.8075647264339401,0.4919803314499382
70:30,Top 20 Most Important features,Random Undersampling,0.001,0.6497696871228923,0.8075291368051347,0.49201023744065
70:30,Top 20 Most Important features,Random Undersampling,0.01,0.6498079119534557,0.8073338465251215,0.49228197738179
70:30,Top 20 Most Important features,Random Undersampling,0.1,0.6489016554049908,0.8054056890719193,0.4923976217380619
70:30,Top 20 Most Important features,Random Undersampling,1.0,0.6442903411060095,0.7962892222397288,0.4922914599722903
70:30,Top 20 Most Important features,Random Undersampling,10.0,0.6416303675428237,0.7901947148820028,0.4930660202036445
70:30,Top 20 Most Important features,Random Undersampling,100.0,0.6413614351139298,0.7892748533717528,0.4934480168561069
70:30,Top 20 Most Important features,Random Oversampling,1e-12,0.6486297717389277,0.8070296459880509,0.4902298974898042
70:30,Top 20 Most Important features,Random Oversampling,1e-11,0.6486297717389277,0.8070296459880509,0.4902298974898042
70:30,Top 20 Most Important features,Random Oversampling,1e-10,0.6486297717389277,0.8070296459880509,0.4902298974898042
70:30,Top 20 Most Important features,Random Oversampling,1e-09,0.6486297717389277,0.8070296459880509,0.4902298974898042
70:30,Top 20 Most Important features,Random Oversampling,1e-08,0.6486297717389277,0.8070296459880509,0.4902298974898042
70:30,Top 20 Most Important features,Random Oversampling,1e-07,0.6486297717389277,0.8070296459880509,0.4902298974898042
70:30,Top 20 Most Important features,Random Oversampling,1e-06,0.6486297717389277,0.8070296459880509,0.4902298974898042
70:30,Top 20 Most Important features,Random Oversampling,1e-05,0.6486297717389277,0.8070296459880509,0.4902298974898042
70:30,Top 20 Most Important features,Random Oversampling,0.0001,0.6486297717389277,0.8070296459880509,0.4902298974898042
70:30,Top 20 Most Important features,Random Oversampling,0.001,0.6486017178082911,0.807002411614129,0.49020102400245325
70:30,Top 20 Most Important features,Random Oversampling,0.01,0.6483992411043967,0.8067063626882123,0.4900921195205812
70:30,Top 20 Most Important features,Random Oversampling,0.1,0.6481548610179912,0.8049205007951914,0.4913892212407912
70:30,Top 20 Most Important features,Random Oversampling,1.0,0.6430697487032532,0.7950674373614858,0.49107206004502063
70:30,Top 20 Most Important features,Random Oversampling,10.0,0.639615907548779,0.787872793986239,0.49135902111131885
70:30,Top 20 Most Important features,Random Oversampling,100.0,0.638823622101154,0.7865689473760396,0.49107829682626836
70:30,Top 20 Most Important features,SMOTE,1e-12,0.6604999664288183,0.8229583305048458,0.49804160235279077
70:30,Top 20 Most Important features,SMOTE,1e-11,0.6604999664288183,0.8229583305048458,0.49804160235279077
70:30,Top 20 Most Important features,SMOTE,1e-10,0.6604999664288183,0.8229583305048458,0.49804160235279077
70:30,Top 20 Most Important features,SMOTE,1e-09,0.6604999664288183,0.8229583305048458,0.49804160235279077
70:30,Top 20 Most Important features,SMOTE,1e-08,0.6604999664288183,0.8229583305048458,0.49804160235279077
70:30,Top 20 Most Important features,SMOTE,1e-07,0.6604999664288183,0.8229583305048458,0.49804160235279077
70:30,Top 20 Most Important features,SMOTE,1e-06,0.6604999664288183,0.8229583305048458,0.49804160235279077
70:30,Top 20 Most Important features,SMOTE,1e-05,0.6604999664288183,0.8229583305048458,0.49804160235279077
70:30,Top 20 Most Important features,SMOTE,0.0001,0.6604999664288183,0.8229583305048458,0.49804160235279077
70:30,Top 20 Most Important features,SMOTE,0.001,0.6603536321249859,0.8227584550636438,0.49794880918632806
70:30,Top 20 Most Important features,SMOTE,0.01,0.6596504291646837,0.8216476099727406,0.4976532483566274
70:30,Top 20 Most Important features,SMOTE,0.1,0.6514076017684641,0.8088552617025766,0.49395994183435166
70:30,Top 20 Most Important features,SMOTE,1.0,0.6015755296353138,0.735647500689565,0.4675035585810627
70:30,Top 20 Most Important features,SMOTE,10.0,0.5440054983092852,0.6511699418407092,0.43684105477786134
70:30,Top 20 Most Important features,SMOTE,100.0,0.5311086179255647,0.6321626785721175,0.4300545572790118
70:30,Top 22 Most Important features,Baseline,1e-12,0.6907891308969049,0.8867589644663412,0.4948192973274688
70:30,Top 22 Most Important features,Baseline,1e-11,0.6907891308969049,0.8867589644663412,0.4948192973274688
70:30,Top 22 Most Important features,Baseline,1e-10,0.6907891308969049,0.8867589644663412,0.4948192973274688
70:30,Top 22 Most Important features,Baseline,1e-09,0.6907891308969049,0.8867589644663412,0.4948192973274688
70:30,Top 22 Most Important features,Baseline,1e-08,0.6907891308969049,0.8867589644663412,0.4948192973274688
70:30,Top 22 Most Important features,Baseline,1e-07,0.6907891308969049,0.8867589644663412,0.4948192973274688
70:30,Top 22 Most Important features,Baseline,1e-06,0.6907891308969049,0.8867589644663412,0.4948192973274688
70:30,Top 22 Most Important features,Baseline,1e-05,0.6907891308969049,0.8867589644663412,0.4948192973274688
70:30,Top 22 Most Important features,Baseline,0.0001,0.6907891308969049,0.8867589644663412,0.4948192973274688
70:30,Top 22 Most Important features,Baseline,0.001,0.6908567187047386,0.8868038280716256,0.49490960933785183
70:30,Top 22 Most Important features,Baseline,0.01,0.6907125041289162,0.8872089777540113,0.49421603050382085
70:30,Top 22 Most Important features,Baseline,0.1,0.691170705680763,0.8916960971090561,0.49064531425247015
70:30,Top 22 Most Important features,Baseline,1.0,0.6112997816295682,0.9084452071061989,0.31415435615293746
70:30,Top 22 Most Important features,Baseline,10.0,0.44976656742122867,0.8995331348424573,0.0
70:30,Top 22 Most Important features,Baseline,100.0,0.44976656742122867,0.8995331348424573,0.0
70:30,Top 22 Most Important features,Balanced Prior,1e-12,0.6488404957571929,0.8069270516161,0.4907539398982858
70:30,Top 22 Most Important features,Balanced Prior,1e-11,0.6488404957571929,0.8069270516161,0.4907539398982858
70:30,Top 22 Most Important features,Balanced Prior,1e-10,0.6488404957571929,0.8069270516161,0.4907539398982858
70:30,Top 22 Most Important features,Balanced Prior,1e-09,0.6488404957571929,0.8069270516161,0.4907539398982858
70:30,Top 22 Most Important features,Balanced Prior,1e-08,0.6488404957571929,0.8069270516161,0.4907539398982858
70:30,Top 22 Most Important features,Balanced Prior,1e-07,0.6488404957571929,0.8069270516161,0.4907539398982858
70:30,Top 22 Most Important features,Balanced Prior,1e-06,0.6488404957571929,0.8069270516161,0.4907539398982858
70:30,Top 22 Most Important features,Balanced Prior,1e-05,0.6488404957571929,0.8069270516161,0.4907539398982858
70:30,Top 22 Most Important features,Balanced Prior,0.0001,0.6488404957571929,0.8069270516161,0.4907539398982858
70:30,Top 22 Most Important features,Balanced Prior,0.001,0.6488404957571929,0.8069270516161,0.4907539398982858
70:30,Top 22 Most Important features,Balanced Prior,0.01,0.6486347777505685,0.8065938654488388,0.4906756900522984
70:30,Top 22 Most Important features,Balanced Prior,0.1,0.6479837360957134,0.8049477766712456,0.49101969552018093
70:30,Top 22 Most Important features,Balanced Prior,1.0,0.6443401737124356,0.7973138316692638,0.4913665157556074
70:30,Top 22 Most Important features,Balanced Prior,10.0,0.642822253056203,0.7922673136794464,0.4933771924329597
70:30,Top 22 Most Important features,Balanced Prior,100.0,0.6430213106608582,0.7918349319798359,0.4942076893418805
70:30,Top 22 Most Important features,Random Undersampling,1e-12,0.6498733842603907,0.8076393846913985,0.4921073838293827
70:30,Top 22 Most Important features,Random Undersampling,1e-11,0.6498733842603907,0.8076393846913985,0.4921073838293827
70:30,Top 22 Most Important features,Random Undersampling,1e-10,0.6498733842603907,0.8076393846913985,0.4921073838293827
70:30,Top 22 Most Important features,Random Undersampling,1e-09,0.6498733842603907,0.8076393846913985,0.4921073838293827
70:30,Top 22 Most Important features,Random Undersampling,1e-08,0.6498733842603907,0.8076393846913985,0.4921073838293827
70:30,Top 22 Most Important features,Random Undersampling,1e-07,0.6498733842603907,0.8076393846913985,0.4921073838293827
70:30,Top 22 Most Important features,Random Undersampling,1e-06,0.6498733842603907,0.8076393846913985,0.4921073838293827
70:30,Top 22 Most Important features,Random Undersampling,1e-05,0.6498733842603907,0.8076393846913985,0.4921073838293827
70:30,Top 22 Most Important features,Random Undersampling,0.0001,0.6498733842603907,0.8076393846913985,0.4921073838293827
70:30,Top 22 Most Important features,Random Undersampling,0.001,0.6498166736539774,0.8075858720708263,0.49204747523712855
70:30,Top 22 Most Important features,Random Undersampling,0.01,0.6497184750341182,0.8073633906149709,0.4920735594532655
70:30,Top 22 Most Important features,Random Undersampling,0.1,0.6489209224103382,0.8056930966566413,0.49214874816403487
70:30,Top 22 Most Important features,Random Undersampling,1.0,0.6453778954686729,0.7978531565530682,0.49290263438427734
70:30,Top 22 Most Important features,Random Undersampling,10.0,0.6447507358732463,0.794316769513641,0.4951847022328514
70:30,Top 22 Most Important features,Random Undersampling,100.0,0.644916474178537,0.7940159360852066,0.4958170122718674
70:30,Top 22 Most Important features,Random Oversampling,1e-12,0.6485422835765944,0.8068362930435654,0.49024827410962313
70:30,Top 22 Most Important features,Random Oversampling,1e-11,0.6485422835765944,0.8068362930435654,0.49024827410962313
70:30,Top 22 Most Important features,Random Oversampling,1e-10,0.6485422835765944,0.8068362930435654,0.49024827410962313
70:30,Top 22 Most Important features,Random Oversampling,1e-09,0.6485422835765944,0.8068362930435654,0.49024827410962313
70:30,Top 22 Most Important features,Random Oversampling,1e-08,0.6485422835765944,0.8068362930435654,0.49024827410962313
70:30,Top 22 Most Important features,Random Oversampling,1e-07,0.6485422835765944,0.8068362930435654,0.49024827410962313
70:30,Top 22 Most Important features,Random Oversampling,1e-06,0.6485422835765944,0.8068362930435654,0.49024827410962313
70:30,Top 22 Most Important features,Random Oversampling,1e-05,0.6485422835765944,0.8068362930435654,0.49024827410962313
70:30,Top 22 Most Important features,Random Oversampling,0.0001,0.6485667377181111,0.8068279334269641,0.49030554200925813
70:30,Top 22 Most Important features,Random Oversampling,0.001,0.6485386498544303,0.8068008305856494,0.49027646912321093
70:30,Top 22 Most Important features,Random Oversampling,0.01,0.6483663000246445,0.8065313118102276,0.4902012882390613
70:30,Top 22 Most Important features,Random Oversampling,0.1,0.6474026139207111,0.804480370414432,0.49032485742699033
70:30,Top 22 Most Important features,Random Oversampling,1.0,0.6439545057152303,0.7967281098879944,0.49118090154246613
70:30,Top 22 Most Important features,Random Oversampling,10.0,0.6414241772850006,0.7908638739109193,0.49198448065908196
70:30,Top 22 Most Important features,Random Oversampling,100.0,0.6418305816003333,0.7905016266679269,0.4931595365327399
70:30,Top 22 Most Important features,SMOTE,1e-12,0.6610533150034594,0.8241057195126024,0.49800091049431633
70:30,Top 22 Most Important features,SMOTE,1e-11,0.6610533150034594,0.8241057195126024,0.49800091049431633
70:30,Top 22 Most Important features,SMOTE,1e-10,0.6610533150034594,0.8241057195126024,0.49800091049431633
70:30,Top 22 Most Important features,SMOTE,1e-09,0.6610533150034594,0.8241057195126024,0.49800091049431633
70:30,Top 22 Most Important features,SMOTE,1e-08,0.6610533150034594,0.8241057195126024,0.49800091049431633
70:30,Top 22 Most Important features,SMOTE,1e-07,0.6610533150034594,0.8241057195126024,0.49800091049431633
70:30,Top 22 Most Important features,SMOTE,1e-06,0.6610533150034594,0.8241057195126024,0.49800091049431633
70:30,Top 22 Most Important features,SMOTE,1e-05,0.6611110494899756,0.824123986147927,0.49809811283202415
70:30,Top 22 Most Important features,SMOTE,0.0001,0.6610824441480403,0.8240973845798338,0.49806750371624686
70:30,Top 22 Most Important features,SMOTE,0.001,0.6609654551796996,0.8239597381896413,0.49797117216975817
70:30,Top 22 Most Important features,SMOTE,0.01,0.6596524116357165,0.8219958593544414,0.49730896391699175
70:30,Top 22 Most Important features,SMOTE,0.1,0.6507650113015083,0.8083767283337459,0.49315329426927096
70:30,Top 22 Most Important features,SMOTE,1.0,0.5937193111442528,0.7245541997349018,0.4628844225536037
70:30,Top 22 Most Important features,SMOTE,10.0,0.5243104230976586,0.6219165489848166,0.4267042972105006
70:30,Top 22 Most Important features,SMOTE,100.0,0.5098393714835496,0.6001530254830266,0.4195257174840726
