model,split,feature_set,n_features,imbalance_strategy,hyperparameters,cv_macro_f1,test_accuracy,test_precision,test_recall,test_f1,test_macro_f1,test_balanced_accuracy,test_roc_auc
Naive Bayes,80:20,Top 22 Most Important features,22,Baseline,var_smoothing=0.01,0.692823151619897,0.8192909760589319,0.5048959608323134,0.5201765447667087,0.5124223602484472,0.7007576621813019,0.7031324852811296,0.8099008928802892
KNN,80:20,Top 22 Most Important features,22,Baseline,"n_neighbors=5, weights=distance, metric=euclidean",0.631498015811655,0.8263121546961326,0.5420765027322404,0.31273644388398486,0.396641343462615,0.6475979826556773,0.6268694891906548,0.7469529301551914
KNN,80:20,Top 22 Most Important features,22,Baseline,"n_neighbors=5, weights=uniform, metric=euclidean",0.6314911456615786,,,,,,,
KNN,80:20,Top 22 Most Important features,22,Baseline,"n_neighbors=7, weights=distance, metric=euclidean",0.6311873031343991,,,,,,,
KNN,80:20,Top 22 Most Important features,22,Baseline,"n_neighbors=7, weights=uniform, metric=euclidean",0.6311226556656206,,,,,,,
KNN,80:20,Top 22 Most Important features,22,Baseline,"n_neighbors=3, weights=uniform, metric=euclidean",0.6304051321552995,,,,,,,
KNN,80:20,Top 22 Most Important features,22,Baseline,"n_neighbors=3, weights=distance, metric=euclidean",0.6303507258831503,,,,,,,
KNN,80:20,Top 22 Most Important features,22,Baseline,"n_neighbors=7, weights=uniform, metric=manhattan",0.6292483693592062,,,,,,,
KNN,80:20,Top 22 Most Important features,22,Baseline,"n_neighbors=7, weights=distance, metric=manhattan",0.6288893348117547,,,,,,,
KNN,80:20,Top 22 Most Important features,22,Baseline,"n_neighbors=9, weights=uniform, metric=euclidean",0.6268798476854929,,,,,,,
KNN,80:20,Top 22 Most Important features,22,Baseline,"n_neighbors=9, weights=distance, metric=euclidean",0.626724536150312,,,,,,,
KNN,80:20,Top 22 Most Important features,22,Baseline,"n_neighbors=3, weights=distance, metric=manhattan",0.6262816641197839,,,,,,,
KNN,80:20,Top 22 Most Important features,22,Baseline,"n_neighbors=3, weights=uniform, metric=manhattan",0.6261376144478714,,,,,,,
KNN,80:20,Top 22 Most Important features,22,Baseline,"n_neighbors=5, weights=uniform, metric=manhattan",0.6258361407115915,,,,,,,
KNN,80:20,Top 22 Most Important features,22,Baseline,"n_neighbors=5, weights=distance, metric=manhattan",0.6256693022110892,,,,,,,
KNN,80:20,Top 22 Most Important features,22,Baseline,"n_neighbors=9, weights=uniform, metric=manhattan",0.624885514570219,,,,,,,
KNN,80:20,Top 22 Most Important features,22,Baseline,"n_neighbors=9, weights=distance, metric=manhattan",0.6245914086262521,,,,,,,
KNN,80:20,Top 22 Most Important features,22,Baseline,"n_neighbors=11, weights=distance, metric=manhattan",0.6236670688431534,,,,,,,
KNN,80:20,Top 22 Most Important features,22,Baseline,"n_neighbors=11, weights=uniform, metric=euclidean",0.6231890917840021,,,,,,,
KNN,80:20,Top 22 Most Important features,22,Baseline,"n_neighbors=11, weights=distance, metric=euclidean",0.6231595022295568,,,,,,,
KNN,80:20,Top 22 Most Important features,22,Baseline,"n_neighbors=11, weights=uniform, metric=manhattan",0.6228648689624516,,,,,,,
KNN,80:20,Top 22 Most Important features,22,Baseline,"n_neighbors=13, weights=uniform, metric=euclidean",0.6225831550653377,,,,,,,
KNN,80:20,Top 22 Most Important features,22,Baseline,"n_neighbors=13, weights=distance, metric=euclidean",0.6223680452387986,,,,,,,
KNN,80:20,Top 22 Most Important features,22,Baseline,"n_neighbors=15, weights=uniform, metric=euclidean",0.6199934641048579,,,,,,,
KNN,80:20,Top 22 Most Important features,22,Baseline,"n_neighbors=15, weights=distance, metric=euclidean",0.6197676131342362,,,,,,,
KNN,80:20,Top 22 Most Important features,22,Baseline,"n_neighbors=13, weights=distance, metric=manhattan",0.6194363158102023,,,,,,,
KNN,80:20,Top 22 Most Important features,22,Baseline,"n_neighbors=13, weights=uniform, metric=manhattan",0.6187973945248175,,,,,,,
KNN,80:20,Top 22 Most Important features,22,Baseline,"n_neighbors=17, weights=distance, metric=euclidean",0.6169559342626971,,,,,,,
KNN,80:20,Top 22 Most Important features,22,Baseline,"n_neighbors=17, weights=uniform, metric=euclidean",0.6168060249495319,,,,,,,
KNN,80:20,Top 22 Most Important features,22,Baseline,"n_neighbors=15, weights=distance, metric=manhattan",0.6144953010673366,,,,,,,
KNN,80:20,Top 22 Most Important features,22,Baseline,"n_neighbors=17, weights=distance, metric=manhattan",0.6142669108043831,,,,,,,
KNN,80:20,Top 22 Most Important features,22,Baseline,"n_neighbors=15, weights=uniform, metric=manhattan",0.6141373825050491,,,,,,,
KNN,80:20,Top 22 Most Important features,22,Baseline,"n_neighbors=17, weights=uniform, metric=manhattan",0.6133014127968568,,,,,,,
KNN,80:20,Top 22 Most Important features,22,Baseline,"n_neighbors=19, weights=distance, metric=manhattan",0.6116984867534243,,,,,,,
KNN,80:20,Top 22 Most Important features,22,Baseline,"n_neighbors=19, weights=uniform, metric=manhattan",0.6105236986436402,,,,,,,
KNN,80:20,Top 22 Most Important features,22,Baseline,"n_neighbors=21, weights=distance, metric=manhattan",0.6104967837349677,,,,,,,
KNN,80:20,Top 22 Most Important features,22,Baseline,"n_neighbors=19, weights=distance, metric=euclidean",0.6096014227300688,,,,,,,
KNN,80:20,Top 22 Most Important features,22,Baseline,"n_neighbors=23, weights=distance, metric=manhattan",0.6094619316636383,,,,,,,
KNN,80:20,Top 22 Most Important features,22,Baseline,"n_neighbors=19, weights=uniform, metric=euclidean",0.6089875244489615,,,,,,,
KNN,80:20,Top 22 Most Important features,22,Baseline,"n_neighbors=23, weights=uniform, metric=manhattan",0.6088234031658775,,,,,,,
KNN,80:20,Top 22 Most Important features,22,Baseline,"n_neighbors=21, weights=uniform, metric=manhattan",0.608667303172167,,,,,,,
KNN,80:20,Top 22 Most Important features,22,Baseline,"n_neighbors=21, weights=distance, metric=euclidean",0.6083099631837248,,,,,,,
KNN,80:20,Top 22 Most Important features,22,Baseline,"n_neighbors=21, weights=uniform, metric=euclidean",0.6077818350026888,,,,,,,
KNN,80:20,Top 22 Most Important features,22,Baseline,"n_neighbors=25, weights=distance, metric=manhattan",0.6069705806957468,,,,,,,
KNN,80:20,Top 22 Most Important features,22,Baseline,"n_neighbors=25, weights=distance, metric=euclidean",0.6068992905241712,,,,,,,
KNN,80:20,Top 22 Most Important features,22,Baseline,"n_neighbors=23, weights=distance, metric=euclidean",0.6066810350367263,,,,,,,
KNN,80:20,Top 22 Most Important features,22,Baseline,"n_neighbors=23, weights=uniform, metric=euclidean",0.606052726307537,,,,,,,
KNN,80:20,Top 22 Most Important features,22,Baseline,"n_neighbors=25, weights=uniform, metric=euclidean",0.6058479105335949,,,,,,,
KNN,80:20,Top 22 Most Important features,22,Baseline,"n_neighbors=25, weights=uniform, metric=manhattan",0.605716189388,,,,,,,
KNN,80:20,Top 22 Most Important features,22,Baseline,"n_neighbors=29, weights=distance, metric=euclidean",0.605080271688581,,,,,,,
KNN,80:20,Top 22 Most Important features,22,Baseline,"n_neighbors=27, weights=distance, metric=euclidean",0.6045077328521363,,,,,,,
KNN,80:20,Top 22 Most Important features,22,Baseline,"n_neighbors=29, weights=uniform, metric=euclidean",0.6044404966828251,,,,,,,
KNN,80:20,Top 22 Most Important features,22,Baseline,"n_neighbors=31, weights=distance, metric=euclidean",0.6042030715175025,,,,,,,
KNN,80:20,Top 22 Most Important features,22,Baseline,"n_neighbors=27, weights=distance, metric=manhattan",0.6040972084514207,,,,,,,
KNN,80:20,Top 22 Most Important features,22,Baseline,"n_neighbors=27, weights=uniform, metric=euclidean",0.6037176965300285,,,,,,,
KNN,80:20,Top 22 Most Important features,22,Baseline,"n_neighbors=31, weights=uniform, metric=euclidean",0.6034294176263835,,,,,,,
KNN,80:20,Top 22 Most Important features,22,Baseline,"n_neighbors=29, weights=distance, metric=manhattan",0.6031168128673375,,,,,,,
KNN,80:20,Top 22 Most Important features,22,Baseline,"n_neighbors=27, weights=uniform, metric=manhattan",0.6025322053508501,,,,,,,
KNN,80:20,Top 22 Most Important features,22,Baseline,"n_neighbors=29, weights=uniform, metric=manhattan",0.6017179453044867,,,,,,,
KNN,80:20,Top 22 Most Important features,22,Baseline,"n_neighbors=31, weights=distance, metric=manhattan",0.6008324241086469,,,,,,,
KNN,80:20,Top 22 Most Important features,22,Baseline,"n_neighbors=31, weights=uniform, metric=manhattan",0.5989245880970422,,,,,,,
