K,CV_Macro_F1,CV_F1_No_Attrition,CV_F1_Attrition
1,0.5937669526038538,0.8561194513646708,0.3314144538430369
2,0.5426712540440823,0.8946990999809922,0.19064340810717234
3,0.6007193731892672,0.8844669737315982,0.3169717726469359
4,0.552145697417463,0.8984817206432307,0.20580967419169532
5,0.5959634129536158,0.8946775112559944,0.29724931465123705
6,0.5500532298853116,0.9001077093758882,0.19999875039473503
7,0.5876864361244468,0.8985218584979133,0.2768510137509802
8,0.5498415728450595,0.9012962906720465,0.19838685501807263
9,0.5808629047918641,0.9007376555979452,0.2609881539857831
10,0.5473498322652681,0.9020153763803848,0.19268428815015154
11,0.5720410501816036,0.9015952176760056,0.24248688268720162
12,0.542176232296592,0.9024233595711323,0.18192910502205165
13,0.5642424657374364,0.9022642257931714,0.22622070568170125
14,0.5416077117651314,0.9032802700937117,0.17993515343655106
15,0.5619063996603486,0.9033193161078799,0.2204934832128176
16,0.5391967493902057,0.9034749302452345,0.1749185685351768
17,0.5581512387798833,0.9039139093330515,0.21238856822671504
18,0.534201381123325,0.9033938817942933,0.16500888045235682
19,0.5513338713924398,0.9038231794018656,0.19884456338301412
20,0.5291054638623915,0.9031866346930215,0.15502429303176157
21,0.5466354644048135,0.9038676775331276,0.18940325127649954
22,0.5254643358199657,0.9030657729688782,0.14786289867105304
23,0.5393715632178759,0.9037067989098295,0.17503632752592227
24,0.5245360292342889,0.9035596547987371,0.14551240366984072
25,0.5366373945606202,0.9039456740073479,0.16932911511389245
26,0.5202009957681673,0.9034719889787258,0.13693000255760893
27,0.5332829298770458,0.9039266371760796,0.16263922257801194
28,0.5195128331490246,0.9035077344529473,0.13551793184510194
29,0.5305624274777629,0.9039624617808111,0.15716239317471503
30,0.5160865882637222,0.9033776674739753,0.12879550905346906
31,0.527159825886636,0.9037439951546847,0.1505756566185873
32,0.5133989244928754,0.9031209379273267,0.12367691105842434
33,0.5217694385675211,0.90341424007452,0.1401246370605224
34,0.5111001037672956,0.9030159864708713,0.11918422106372004
35,0.5202554572031368,0.9034891142789009,0.1370218001273725
36,0.5097623701526564,0.9030847634264239,0.11643997687888893
37,0.517941146616758,0.9034394188905608,0.1324428743429556
38,0.5072457531178092,0.9029127988246977,0.11157870741092087
39,0.5153719809239734,0.9032878141408831,0.12745614770706387
40,0.5058575329175656,0.902838746904117,0.10887631893101435
41,0.5124505383165483,0.9030546862554918,0.12184639037760452
42,0.5040279880734421,0.9027215249411243,0.10533445120575972
43,0.5118196129521714,0.9031959123724274,0.12044331353191554
44,0.5042267399381641,0.9027884013725558,0.10566507850377263
45,0.5107200502872953,0.9031331019043145,0.11830699867027601
46,0.5015539729354053,0.9026373579371508,0.10047058793365968
47,0.5071277347011893,0.9029334233245697,0.11132204607780886
48,0.5002205716386985,0.9026509401477465,0.09779020312965034
49,0.5065833976019756,0.9029107229241298,0.11025607227982129
50,0.4979521054356047,0.902382674822219,0.09352153604899037
