model,split,feature_set,n_features,imbalance_strategy,n_neighbors,weights,metric,cv_macro_f1,cv_f1_attrition,is_best,test_accuracy,test_precision,test_recall,test_f1,test_macro_f1,test_balanced_accuracy,test_roc_auc
KNN,80:20,Top 22 Most Important features,22,Baseline,5,distance,euclidean,0.631498015811655,0.36848190255256336,True,0.8263121546961326,0.5420765027322404,0.31273644388398486,0.396641343462615,0.6475979826556773,0.6268694891906548,0.7469529301551914
KNN,80:20,Top 22 Most Important features,22,Baseline,5,uniform,euclidean,0.6314911456615786,0.36842758301537193,False,,,,,,,
KNN,80:20,Top 22 Most Important features,22,Baseline,7,distance,euclidean,0.6311873031343991,0.36346675966042924,False,,,,,,,
KNN,80:20,Top 22 Most Important features,22,Baseline,7,uniform,euclidean,0.6311226556656206,0.3633340013762051,False,,,,,,,
KNN,80:20,Top 22 Most Important features,22,Baseline,3,uniform,euclidean,0.6304051321552995,0.3747633360800647,False,,,,,,,
KNN,80:20,Top 22 Most Important features,22,Baseline,3,distance,euclidean,0.6303507258831503,0.3746924022442744,False,,,,,,,
KNN,80:20,Top 22 Most Important features,22,Baseline,7,uniform,manhattan,0.6292483693592062,0.35911263042388886,False,,,,,,,
KNN,80:20,Top 22 Most Important features,22,Baseline,7,distance,manhattan,0.6288893348117547,0.35853425749913415,False,,,,,,,
KNN,80:20,Top 22 Most Important features,22,Baseline,9,uniform,euclidean,0.6268798476854929,0.35276458524159604,False,,,,,,,
KNN,80:20,Top 22 Most Important features,22,Baseline,9,distance,euclidean,0.626724536150312,0.3525054188744051,False,,,,,,,
KNN,80:20,Top 22 Most Important features,22,Baseline,3,distance,manhattan,0.6262816641197839,0.36744027600410994,False,,,,,,,
KNN,80:20,Top 22 Most Important features,22,Baseline,3,uniform,manhattan,0.6261376144478714,0.36716296512905156,False,,,,,,,
KNN,80:20,Top 22 Most Important features,22,Baseline,5,uniform,manhattan,0.6258361407115915,0.3577634258432603,False,,,,,,,
KNN,80:20,Top 22 Most Important features,22,Baseline,5,distance,manhattan,0.6256693022110892,0.35754078330069083,False,,,,,,,
KNN,80:20,Top 22 Most Important features,22,Baseline,9,uniform,manhattan,0.624885514570219,0.3486228902891092,False,,,,,,,
KNN,80:20,Top 22 Most Important features,22,Baseline,9,distance,manhattan,0.6245914086262521,0.34817701973372955,False,,,,,,,
KNN,80:20,Top 22 Most Important features,22,Baseline,11,distance,manhattan,0.6236670688431534,0.3441635493985156,False,,,,,,,
KNN,80:20,Top 22 Most Important features,22,Baseline,11,uniform,euclidean,0.6231890917840021,0.3437676567595344,False,,,,,,,
KNN,80:20,Top 22 Most Important features,22,Baseline,11,distance,euclidean,0.6231595022295568,0.3437265571913938,False,,,,,,,
KNN,80:20,Top 22 Most Important features,22,Baseline,11,uniform,manhattan,0.6228648689624516,0.3425816998824949,False,,,,,,,
KNN,80:20,Top 22 Most Important features,22,Baseline,13,uniform,euclidean,0.6225831550653377,0.34152309941736236,False,,,,,,,
KNN,80:20,Top 22 Most Important features,22,Baseline,13,distance,euclidean,0.6223680452387986,0.3411801491492935,False,,,,,,,
KNN,80:20,Top 22 Most Important features,22,Baseline,15,uniform,euclidean,0.6199934641048579,0.335538669113334,False,,,,,,,
KNN,80:20,Top 22 Most Important features,22,Baseline,15,distance,euclidean,0.6197676131342362,0.33523131796522243,False,,,,,,,
KNN,80:20,Top 22 Most Important features,22,Baseline,13,distance,manhattan,0.6194363158102023,0.33520996649126833,False,,,,,,,
KNN,80:20,Top 22 Most Important features,22,Baseline,13,uniform,manhattan,0.6187973945248175,0.33388562845943115,False,,,,,,,
KNN,80:20,Top 22 Most Important features,22,Baseline,17,distance,euclidean,0.6169559342626971,0.3289167120900335,False,,,,,,,
KNN,80:20,Top 22 Most Important features,22,Baseline,17,uniform,euclidean,0.6168060249495319,0.3286108318931588,False,,,,,,,
KNN,80:20,Top 22 Most Important features,22,Baseline,15,distance,manhattan,0.6144953010673366,0.32538686193599287,False,,,,,,,
KNN,80:20,Top 22 Most Important features,22,Baseline,17,distance,manhattan,0.6142669108043831,0.3237526323720214,False,,,,,,,
KNN,80:20,Top 22 Most Important features,22,Baseline,15,uniform,manhattan,0.6141373825050491,0.3246371100807198,False,,,,,,,
KNN,80:20,Top 22 Most Important features,22,Baseline,17,uniform,manhattan,0.6133014127968568,0.3218591234037926,False,,,,,,,
KNN,80:20,Top 22 Most Important features,22,Baseline,19,distance,manhattan,0.6116984867534243,0.31847659177718574,False,,,,,,,
KNN,80:20,Top 22 Most Important features,22,Baseline,19,uniform,manhattan,0.6105236986436402,0.31619442511287754,False,,,,,,,
KNN,80:20,Top 22 Most Important features,22,Baseline,21,distance,manhattan,0.6104967837349677,0.3156635703717684,False,,,,,,,
KNN,80:20,Top 22 Most Important features,22,Baseline,19,distance,euclidean,0.6096014227300688,0.31465645463133124,False,,,,,,,
KNN,80:20,Top 22 Most Important features,22,Baseline,23,distance,manhattan,0.6094619316636383,0.31294692368814603,False,,,,,,,
KNN,80:20,Top 22 Most Important features,22,Baseline,19,uniform,euclidean,0.6089875244489615,0.31349982999825654,False,,,,,,,
KNN,80:20,Top 22 Most Important features,22,Baseline,23,uniform,manhattan,0.6088234031658775,0.3116452064678067,False,,,,,,,
KNN,80:20,Top 22 Most Important features,22,Baseline,21,uniform,manhattan,0.608667303172167,0.3120470638644357,False,,,,,,,
KNN,80:20,Top 22 Most Important features,22,Baseline,21,distance,euclidean,0.6083099631837248,0.3117746089061232,False,,,,,,,
KNN,80:20,Top 22 Most Important features,22,Baseline,21,uniform,euclidean,0.6077818350026888,0.3107357667623643,False,,,,,,,
KNN,80:20,Top 22 Most Important features,22,Baseline,25,distance,manhattan,0.6069705806957468,0.3077371905285232,False,,,,,,,
KNN,80:20,Top 22 Most Important features,22,Baseline,25,distance,euclidean,0.6068992905241712,0.3079131436981051,False,,,,,,,
KNN,80:20,Top 22 Most Important features,22,Baseline,23,distance,euclidean,0.6066810350367263,0.30797894381332985,False,,,,,,,
KNN,80:20,Top 22 Most Important features,22,Baseline,23,uniform,euclidean,0.606052726307537,0.3067364580121333,False,,,,,,,
KNN,80:20,Top 22 Most Important features,22,Baseline,25,uniform,euclidean,0.6058479105335949,0.3058840044513963,False,,,,,,,
KNN,80:20,Top 22 Most Important features,22,Baseline,25,uniform,manhattan,0.605716189388,0.30520018892308676,False,,,,,,,
KNN,80:20,Top 22 Most Important features,22,Baseline,29,distance,euclidean,0.605080271688581,0.30373533432120414,False,,,,,,,
KNN,80:20,Top 22 Most Important features,22,Baseline,27,distance,euclidean,0.6045077328521363,0.30315367010548355,False,,,,,,,
KNN,80:20,Top 22 Most Important features,22,Baseline,29,uniform,euclidean,0.6044404966828251,0.30231865528274604,False,,,,,,,
KNN,80:20,Top 22 Most Important features,22,Baseline,31,distance,euclidean,0.6042030715175025,0.3018168969980128,False,,,,,,,
KNN,80:20,Top 22 Most Important features,22,Baseline,27,distance,manhattan,0.6040972084514207,0.30203472551084715,False,,,,,,,
KNN,80:20,Top 22 Most Important features,22,Baseline,27,uniform,euclidean,0.6037176965300285,0.30158181731278,False,,,,,,,
KNN,80:20,Top 22 Most Important features,22,Baseline,31,uniform,euclidean,0.6034294176263835,0.30014709267199924,False,,,,,,,
KNN,80:20,Top 22 Most Important features,22,Baseline,29,distance,manhattan,0.6031168128673375,0.2998297030000013,False,,,,,,,
KNN,80:20,Top 22 Most Important features,22,Baseline,27,uniform,manhattan,0.6025322053508501,0.29895986350490206,False,,,,,,,
KNN,80:20,Top 22 Most Important features,22,Baseline,29,uniform,manhattan,0.6017179453044867,0.29713179484104707,False,,,,,,,
KNN,80:20,Top 22 Most Important features,22,Baseline,31,distance,manhattan,0.6008324241086469,0.2952348062352484,False,,,,,,,
KNN,80:20,Top 22 Most Important features,22,Baseline,31,uniform,manhattan,0.5989245880970422,0.2916135916921495,False,,,,,,,
